Age,BusinessTravel,Department,DistanceFromHome,Education,EducationField,EnvironmentSatisfaction,Gender,JobInvolvement,JobLevel,JobRole,JobSatisfaction,MaritalStatus,MonthlyIncome,NumCompaniesWorked,OverTime,PercentSalaryHike,PerformanceRating,RelationshipSatisfaction,StockOptionLevel,TotalWorkingYears,TrainingTimesLastYear,WorkLifeBalance,YearsAtCompany,YearsInCurrentRole,YearsSinceLastPromotion,YearsWithCurrManager,DepartmentTurnoverBenchmark,JobRoleTurnoverBenchmark,OvertimeImpact,TravelImpact,MaritalImpact,ExternalRiskScore,AgeGroup,IncomePerYear,IncomeToAgeRatio,YearsAtCompanyRatio,YearsInRoleRatio,YearsWithManagerRatio,YearsSincePromotionRatio,TotalSatisfaction,SatisfactionScore,PerformanceScore,CareerProgressionRate,PromotionFrequency,JobStability,IsNewEmployee,IsSeniorEmployee,LongTimeNoPromotion,IncomeLevelMatch,DistanceOvertimeInteraction
36,2,1,6,4,1,3,1,1,1,2,3,0,2741,1,0,14,3,3,1,7,4,3,7,7,1,7,0.12,0.12,0.7,1.0,1.0,0.0839999999999999,1,32892,74.08108108108108,0.875,0.875,0.875,0.125,3.0,12,3,0.125,3.5,3.5,0,0,0,2.7382617382617385,0
39,2,1,24,1,1,1,1,3,2,6,4,2,4108,7,0,13,3,1,0,18,2,3,7,7,1,7,0.12,0.12,0.7,1.0,1.2,0.1007999999999999,1,49296,102.7,0.3684210526315789,0.875,0.875,0.125,2.0,9,9,0.10526315789473684,3.5,0.875,0,0,0,2.052973513243378,0
42,0,1,23,2,1,4,1,2,2,6,3,2,4332,1,0,12,3,4,0,20,2,3,20,9,3,7,0.12,0.12,0.7,0.9,1.2,0.09072,2,51984,100.74418604651163,0.9523809523809523,0.42857142857142855,0.3333333333333333,0.14285714285714285,3.6666666666666665,14,6,0.09523809523809523,5.0,10.0,0,1,0,2.1649175412293853,0
52,2,1,1,2,1,4,1,3,4,3,4,1,17099,2,0,15,3,2,1,26,2,2,9,8,7,8,0.12,0.09,0.7,1.0,0.9,0.0756,3,205188,322.62264150943395,0.3333333333333333,0.8,0.8,0.7,3.3333333333333335,12,9,0.14814814814814814,1.125,3.0,0,0,1,4.273681579605099,0
25,2,1,2,1,4,4,1,3,1,2,3,0,3977,6,1,19,3,3,1,7,2,2,2,2,0,2,0.12,0.12,1.3,1.0,1.0,0.156,0,47724,152.96153846153845,0.25,0.6666666666666666,0.6666666666666666,0.0,3.3333333333333335,12,9,0.125,2.0,0.2857142857142857,1,0,0,3.973026973026973,2
43,1,2,15,3,1,4,1,2,2,7,4,1,6804,3,0,18,3,3,1,7,5,3,2,2,2,2,0.125,0.125,0.7,1.2,0.9,0.0945,2,81648,154.63636363636363,0.25,0.6666666666666666,0.6666666666666666,0.6666666666666666,3.6666666666666665,14,6,0.25,0.6666666666666666,0.5,1,0,0,3.4002998500749624,0
58,2,1,2,4,1,4,1,3,5,5,2,2,19246,7,1,12,3,4,0,40,2,3,31,15,13,8,0.12,0.1,1.3,1.0,1.2,0.1872,3,230952,326.20338983050846,0.7560975609756098,0.46875,0.25,0.40625,3.3333333333333335,13,9,0.12195121951219512,2.2142857142857144,3.875,0,1,1,3.8484303139372127,2
26,2,1,23,3,1,1,0,3,1,6,4,0,2886,1,0,22,4,2,2,3,3,1,3,2,0,2,0.12,0.12,0.7,1.0,1.0,0.0839999999999999,0,34632,106.88888888888889,0.75,0.5,0.5,0.0,2.3333333333333335,8,12,0.25,3.0,1.5,0,0,0,2.883116883116883,0
27,2,2,2,1,2,3,1,3,1,8,1,0,3041,0,0,11,3,2,1,5,3,3,4,3,0,2,0.125,0.125,0.7,1.0,1.0,0.0875,0,36492,108.60714285714286,0.6666666666666666,0.6,0.4,0.0,2.0,9,9,0.16666666666666666,4.0,4.0,0,0,0,3.037962037962038,0
33,2,1,25,3,3,1,1,2,1,6,2,2,2313,4,1,20,4,2,0,5,0,3,2,2,2,2,0.12,0.12,1.3,1.0,1.2,0.1872,1,27756,68.02941176470588,0.3333333333333333,0.6666666666666666,0.6666666666666666,0.6666666666666666,1.6666666666666667,8,8,0.16666666666666666,0.6666666666666666,0.4,1,0,0,2.3106893106893107,25
24,2,1,24,3,3,4,1,3,1,2,2,2,3597,8,0,22,4,4,0,6,2,3,4,3,1,2,0.12,0.12,0.7,1.0,1.2,0.1007999999999999,0,43164,143.88,0.5714285714285714,0.6,0.4,0.2,3.3333333333333335,13,12,0.14285714285714285,2.0,0.4444444444444444,0,0,0,3.5934065934065935,0
41,2,1,2,4,1,2,0,1,1,2,4,0,2778,4,1,13,3,3,1,10,1,2,7,7,1,0,0.12,0.12,1.3,1.0,1.0,0.156,2,33336,66.14285714285714,0.6363636363636364,0.875,0.0,0.125,3.0,11,3,0.09090909090909091,3.5,1.4,0,0,0,2.775224775224775,2
41,2,2,1,2,1,2,0,3,2,7,4,2,5993,8,1,11,3,1,0,8,0,1,6,4,0,5,0.125,0.125,1.3,1.0,1.2,0.195,2,71916,142.6904761904762,0.6666666666666666,0.5714285714285714,0.7142857142857143,0.0,2.3333333333333335,8,9,0.2222222222222222,6.0,0.6666666666666666,0,0,0,2.9950024987506247,1
55,1,1,2,1,1,4,1,3,3,4,2,1,10976,3,0,18,3,2,1,23,4,3,3,2,1,2,0.12,0.1,0.7,1.2,0.9,0.09072,3,131712,196.0,0.125,0.5,0.5,0.25,2.6666666666666665,11,9,0.125,1.5,0.75,0,0,0,3.6574475174941687,0
24,2,1,17,2,1,4,0,3,1,2,2,1,2210,1,0,13,3,1,1,1,3,1,1,0,0,0,0.12,0.12,0.7,1.0,0.9,0.0756,0,26520,88.4,0.5,0.0,0.0,0.0,2.3333333333333335,8,9,0.5,1.0,0.5,1,0,0,2.207792207792208,0
23,2,1,1,2,1,4,1,3,1,6,3,1,1223,1,0,22,4,4,1,1,2,3,1,0,0,1,0.12,0.12,0.7,1.0,0.9,0.0756,0,14676,50.958333333333336,0.5,0.0,0.5,0.0,3.6666666666666665,14,12,0.5,1.0,0.5,1,0,0,1.2217782217782218,0
36,2,1,5,4,1,2,0,2,1,6,1,1,3419,9,1,14,3,4,1,6,3,4,1,1,0,0,0.12,0.12,1.3,1.0,0.9,0.1404,1,41028,92.4054054054054,0.14285714285714285,0.5,0.0,0.0,2.3333333333333335,11,6,0.14285714285714285,1.0,0.1,1,0,0,3.4155844155844157,5
39,2,2,24,1,2,2,0,2,4,7,4,1,12031,0,0,11,3,1,1,21,2,2,20,9,9,6,0.125,0.125,0.7,1.0,0.9,0.07875,1,144372,300.775,0.9090909090909091,0.42857142857142855,0.2857142857142857,0.42857142857142855,2.3333333333333335,9,6,0.18181818181818182,2.0,20.0,0,1,1,3.0069982504373907,0
27,2,1,16,4,5,3,0,3,1,2,2,1,2811,9,0,14,3,2,1,4,2,3,2,2,2,2,0.12,0.12,0.7,1.0,0.9,0.0756,0,33732,100.39285714285714,0.4,0.6666666666666666,0.6666666666666666,0.6666666666666666,2.3333333333333335,10,9,0.2,0.6666666666666666,0.2,1,0,0,2.808191808191808,0
50,0,1,2,4,1,1,1,3,4,3,1,0,17924,1,0,11,3,4,1,31,3,3,31,6,14,7,0.12,0.09,0.7,0.9,1.0,0.0756,2,215088,351.45098039215685,0.96875,0.1875,0.21875,0.4375,2.0,9,9,0.125,2.066666666666667,15.5,0,1,1,4.4798800299925015,0
26,2,1,7,3,4,3,1,4,1,2,1,2,3578,0,0,12,3,4,0,8,2,3,7,7,0,7,0.12,0.12,0.7,1.0,1.2,0.1007999999999999,0,42936,132.5185185185185,0.7777777777777778,0.875,0.875,0.0,2.6666666666666665,11,12,0.1111111111111111,7.0,7.0,0,0,0,3.5744255744255744,0
29,1,2,20,3,5,3,0,3,1,8,4,1,2157,1,0,15,3,2,1,3,5,3,3,1,0,2,0.125,0.125,0.7,1.2,0.9,0.0945,0,25884,71.9,0.75,0.25,0.5,0.0,3.0,12,9,0.25,3.0,1.5,0,0,0,2.154845154845155,0
29,2,1,2,3,1,3,1,3,1,6,2,1,2703,0,0,23,4,4,1,6,3,3,5,4,0,4,0.12,0.12,0.7,1.0,0.9,0.0756,0,32436,90.1,0.7142857142857143,0.6666666666666666,0.6666666666666666,0.0,3.0,12,12,0.14285714285714285,5.0,5.0,0,0,0,2.7002997002997002,0
36,2,2,3,4,2,1,0,3,2,7,2,2,9278,3,1,16,3,4,0,15,3,3,5,4,0,1,0.125,0.125,1.3,1.0,1.2,0.195,1,111336,250.75675675675674,0.3125,0.6666666666666666,0.16666666666666666,0.0,2.3333333333333335,10,9,0.125,5.0,1.25,0,0,0,4.6366816591704145,3
35,2,1,1,4,1,4,0,4,1,6,3,2,2506,3,0,13,3,3,0,7,0,3,2,2,2,2,0.12,0.12,0.7,1.0,1.2,0.1007999999999999,1,30072,69.61111111111111,0.25,0.6666666666666666,0.6666666666666666,0.6666666666666666,3.3333333333333335,13,12,0.125,0.6666666666666666,0.5,1,0,0,2.5034965034965033,0
34,2,2,1,3,5,4,1,2,3,7,3,1,7083,1,1,14,3,4,0,10,3,3,10,9,8,6,0.125,0.125,1.3,1.0,0.9,0.14625,1,84996,202.37142857142857,0.9090909090909091,0.8181818181818182,0.5454545454545454,0.7272727272727273,3.6666666666666665,14,6,0.2727272727272727,1.1111111111111112,5.0,0,1,1,2.360213262245918,1
39,0,1,9,3,1,4,1,3,5,3,4,2,19431,2,0,13,3,3,0,21,3,2,6,0,1,3,0.12,0.09,0.7,0.9,1.2,0.09072,1,233172,485.775,0.2727272727272727,0.0,0.42857142857142855,0.14285714285714285,3.6666666666666665,13,9,0.22727272727272727,3.0,2.0,0,0,0,3.8854229154169166,0
40,1,1,26,2,3,3,0,2,2,6,4,1,4422,3,1,13,3,4,1,16,3,1,1,1,0,0,0.12,0.12,1.3,1.2,0.9,0.16848,1,53064,107.85365853658537,0.058823529411764705,0.5,0.0,0.0,3.6666666666666665,12,6,0.11764705882352941,1.0,0.25,1,0,0,2.209895052473763,26
35,2,2,1,4,2,3,1,2,2,7,1,2,4312,0,0,14,3,2,0,16,2,3,15,13,2,8,0.125,0.125,0.7,1.0,1.2,0.105,1,51744,119.77777777777777,0.8823529411764706,0.8125,0.5,0.125,2.0,9,6,0.11764705882352941,5.0,15.0,0,1,0,2.1549225387306348,0
34,1,0,23,3,0,2,0,3,3,1,1,0,9950,9,1,15,3,3,3,11,2,3,3,2,0,2,0.073,0.073,1.3,1.2,1.0,0.11388,1,119400,284.2857142857143,0.25,0.5,0.5,0.0,2.0,9,9,0.25,3.0,0.3,0,0,0,3.315561479506831,23
35,1,2,11,2,2,4,1,3,2,7,4,0,4968,1,0,11,3,4,1,5,3,3,5,2,0,2,0.125,0.125,0.7,1.2,1.0,0.105,1,59616,138.0,0.8333333333333334,0.3333333333333333,0.3333333333333333,0.0,4.0,15,9,0.3333333333333333,5.0,2.5,0,0,0,2.4827586206896552,0
20,2,1,1,3,1,4,0,2,1,6,2,2,2836,1,0,13,3,4,0,1,0,4,1,0,0,0,0.12,0.12,0.7,1.0,1.2,0.1007999999999999,0,34032,135.04761904761904,0.5,0.0,0.0,0.0,3.3333333333333335,14,6,0.5,1.0,0.5,1,0,0,2.833166833166833,0
59,2,1,3,3,1,3,1,2,1,6,4,1,2177,3,0,17,3,1,1,7,6,3,1,0,0,0,0.12,0.12,0.7,1.0,0.9,0.0756,3,26124,36.28333333333333,0.125,0.0,0.0,0.0,2.6666666666666665,11,6,0.125,1.0,0.25,1,0,0,2.174825174825175,0
39,2,1,6,3,3,4,1,3,1,2,1,1,2404,7,1,21,4,4,0,8,2,1,2,2,2,2,0.12,0.12,1.3,1.0,0.9,0.1404,1,28848,60.1,0.2222222222222222,0.6666666666666666,0.6666666666666666,0.6666666666666666,3.0,10,12,0.1111111111111111,0.6666666666666666,0.25,1,0,0,2.4015984015984015,6
29,2,2,2,3,3,1,1,2,2,7,2,1,6644,2,0,19,3,2,2,10,2,3,0,0,0,0,0.125,0.125,0.7,1.0,0.9,0.07875,0,79728,221.46666666666667,0.0,0.0,0.0,0.0,1.6666666666666667,8,6,0.18181818181818182,0.0,0.0,1,0,0,3.3203398300849574,0
29,2,1,10,3,1,4,0,2,1,6,1,2,2404,6,1,20,4,3,0,3,5,3,0,0,0,0,0.12,0.12,1.3,1.0,1.2,0.1872,0,28848,80.13333333333334,0.0,0.0,0.0,0.0,2.6666666666666665,11,8,0.25,0.0,0.0,1,0,0,2.4015984015984015,10
33,2,0,3,2,0,4,1,3,1,1,2,0,2277,3,1,11,3,3,1,7,4,4,4,3,0,3,0.073,0.073,1.3,1.0,1.0,0.0949,1,27324,66.97058823529412,0.5,0.6,0.6,0.0,3.0,13,9,0.125,4.0,1.0,0,0,0,2.2747252747252746,3
54,2,2,3,3,2,4,0,3,2,7,1,1,5940,2,0,14,3,4,1,16,4,3,6,2,0,5,0.125,0.125,0.7,1.0,0.9,0.07875,3,71280,108.0,0.35294117647058826,0.2857142857142857,0.7142857142857143,0.0,3.0,12,9,0.11764705882352941,6.0,2.0,0,0,0,2.9685157421289357,0
36,2,1,6,3,1,2,0,4,1,2,4,1,3038,3,0,12,3,2,0,5,3,3,1,0,0,0,0.12,0.12,0.7,1.0,0.9,0.0756,1,36456,82.10810810810811,0.16666666666666666,0.0,0.0,0.0,2.6666666666666665,11,12,0.16666666666666666,1.0,0.25,1,0,0,3.034965034965035,0
36,0,1,9,4,1,1,1,4,1,2,2,1,2810,1,0,22,4,2,0,5,3,3,5,4,0,2,0.12,0.12,0.7,0.9,0.9,0.06804,1,33720,75.94594594594595,0.8333333333333334,0.6666666666666666,0.3333333333333333,0.0,1.6666666666666667,8,16,0.16666666666666666,5.0,2.5,0,0,0,2.8071928071928074,0
42,1,1,2,3,1,4,1,3,3,0,4,1,10124,2,1,14,3,3,1,24,3,1,20,8,13,9,0.12,0.11,1.3,1.2,0.9,0.16848,2,121488,235.4418604651163,0.8,0.38095238095238093,0.42857142857142855,0.6190476190476191,3.6666666666666665,12,9,0.12,1.4285714285714286,6.666666666666667,0,1,1,3.3735421526157947,2
52,2,1,8,4,3,3,1,2,2,6,2,1,4941,2,0,15,3,1,0,11,3,2,8,2,7,7,0.12,0.12,0.7,1.0,0.9,0.0756,3,59292,93.22641509433963,0.6666666666666666,0.2222222222222222,0.7777777777777778,0.7777777777777778,2.0,8,6,0.16666666666666666,1.0,2.6666666666666665,0,0,1,2.469265367316342,0
43,2,2,2,3,3,4,1,3,2,7,4,1,7847,1,1,17,3,1,1,10,3,3,10,9,8,8,0.125,0.125,1.3,1.0,0.9,0.14625,2,94164,178.3409090909091,0.9090909090909091,0.8181818181818182,0.7272727272727273,0.7272727272727273,3.0,12,9,0.18181818181818182,1.1111111111111112,5.0,0,1,1,3.921539230384808,2
30,1,1,3,3,3,3,0,3,1,6,3,0,2083,1,0,20,4,3,1,1,2,3,1,0,0,0,0.12,0.12,0.7,1.2,1.0,0.1007999999999999,0,24996,67.19354838709677,0.5,0.0,0.0,0.0,3.0,12,12,0.5,1.0,0.5,1,0,0,2.080919080919081,0
27,2,1,7,3,3,4,0,2,2,0,1,2,6811,8,0,19,3,1,0,9,2,1,7,6,0,7,0.12,0.11,0.7,1.0,1.2,0.1007999999999999,0,81732,243.25,0.7,0.75,0.875,0.0,2.0,7,6,0.2,7.0,0.7777777777777778,0,0,0,3.4037981009495253,0
33,1,1,5,4,1,4,0,3,3,3,2,1,11878,6,0,11,3,2,2,12,2,3,10,6,8,8,0.12,0.09,0.7,1.2,0.9,0.09072,1,142536,349.3529411764706,0.7692307692307693,0.5454545454545454,0.7272727272727273,0.7272727272727273,2.6666666666666665,11,9,0.23076923076923078,1.1111111111111112,1.4285714285714286,0,1,1,3.9580139953348885,0
36,2,1,27,3,3,3,1,3,2,0,3,1,5237,6,0,13,3,2,2,17,3,2,7,7,7,7,0.12,0.11,0.7,1.0,0.9,0.0756,1,62844,141.54054054054055,0.3888888888888889,0.875,0.875,0.875,2.6666666666666665,10,9,0.1111111111111111,0.875,1.0,0,0,1,2.6171914042978512,0
41,1,2,4,3,2,1,1,3,2,7,2,2,9355,1,0,18,3,3,0,8,5,3,8,7,7,7,0.125,0.125,0.7,1.2,1.2,0.126,2,112260,222.73809523809524,0.8888888888888888,0.7777777777777778,0.7777777777777778,0.7777777777777778,2.0,9,9,0.2222222222222222,1.0,4.0,0,0,1,4.675162418790605,0
52,2,2,3,4,2,3,1,2,4,3,1,1,16856,1,0,11,3,1,0,34,3,4,34,6,1,16,0.125,0.09,0.7,1.0,0.9,0.07875,3,202272,318.0377358490566,0.9714285714285714,0.17142857142857143,0.45714285714285713,0.02857142857142857,1.6666666666666667,9,6,0.11428571428571428,17.0,17.0,0,1,0,4.212946763309173,0
46,2,2,9,2,3,3,1,2,3,7,4,2,9619,1,0,16,3,4,0,9,3,3,9,8,4,7,0.125,0.125,0.7,1.0,1.2,0.105,2,115428,204.6595744680851,0.9,0.8,0.7,0.4,3.6666666666666665,14,6,0.3,1.8,4.5,0,0,0,3.2052649116961014,0
29,2,1,13,2,4,4,1,2,2,2,2,1,4025,4,1,13,3,1,1,10,2,3,4,3,0,3,0.12,0.12,1.3,1.0,0.9,0.1404,0,48300,134.16666666666666,0.36363636363636365,0.6,0.6,0.0,2.3333333333333335,10,6,0.18181818181818182,4.0,0.8,0,0,0,2.0114942528735633,13
31,2,1,26,1,1,1,1,3,1,6,3,0,2911,1,0,17,3,4,1,5,1,2,5,2,4,3,0.12,0.12,0.7,1.0,1.0,0.0839999999999999,1,34932,90.96875,0.8333333333333334,0.3333333333333333,0.5,0.6666666666666666,2.6666666666666665,10,9,0.16666666666666666,1.0,2.5,0,0,0,2.908091908091908,0
33,2,1,2,3,3,3,1,3,1,2,4,2,2496,4,0,11,3,4,0,7,3,3,1,1,0,0,0.12,0.12,0.7,1.0,1.2,0.1007999999999999,1,29952,73.41176470588235,0.125,0.5,0.0,0.0,3.6666666666666665,14,9,0.125,1.0,0.2,1,0,0,2.4935064935064934,0
29,2,1,1,3,1,4,0,2,4,5,4,0,16124,3,0,14,3,2,2,9,2,2,7,7,1,7,0.12,0.1,0.7,1.0,1.0,0.0839999999999999,0,193488,537.4666666666667,0.7,0.875,0.875,0.125,3.3333333333333335,12,6,0.4,3.5,1.75,0,0,0,4.029992501874531,0
49,2,1,8,2,4,1,0,3,3,2,2,1,7403,4,0,11,3,3,1,29,3,2,26,9,1,7,0.12,0.12,0.7,1.0,0.9,0.0756,2,88836,148.06,0.8666666666666667,0.3333333333333333,0.25925925925925924,0.037037037037037035,2.0,8,9,0.1,13.0,5.2,0,1,0,2.4668443852049315,0
35,2,1,1,4,1,3,0,1,1,6,4,1,2977,1,0,12,3,4,1,4,5,3,4,3,1,1,0.12,0.12,0.7,1.0,0.9,0.0756,1,35724,82.69444444444444,0.8,0.6,0.2,0.2,3.6666666666666665,14,3,0.2,2.0,2.0,0,0,0,2.9740259740259742,0
56,2,1,1,2,1,1,0,3,1,6,1,1,2066,2,0,22,4,4,1,5,3,4,3,2,1,0,0.12,0.12,0.7,1.0,0.9,0.0756,3,24792,36.24561403508772,0.5,0.5,0.0,0.25,2.0,10,12,0.16666666666666666,1.5,1.0,0,0,0,2.063936063936064,0
44,2,1,29,4,4,4,1,3,2,6,4,2,4541,1,0,25,4,2,0,20,3,3,20,11,13,17,0.12,0.12,0.7,1.0,1.2,0.1007999999999999,2,54492,100.91111111111111,0.9523809523809523,0.5238095238095238,0.8095238095238095,0.6190476190476191,3.3333333333333335,13,12,0.09523809523809523,1.4285714285714286,10.0,0,1,1,2.2693653173413293,0
29,1,1,1,3,1,4,1,4,2,0,3,2,6294,8,1,12,3,4,0,10,5,4,3,2,0,2,0.12,0.11,1.3,1.2,1.2,0.22464,0,75528,209.8,0.2727272727272727,0.5,0.5,0.0,3.6666666666666665,15,12,0.18181818181818182,3.0,0.3333333333333333,0,0,0,3.1454272863568216,1
59,2,0,6,2,3,2,1,3,1,1,3,1,2267,8,0,17,3,4,0,7,2,2,2,2,2,2,0.073,0.073,0.7,1.0,0.9,0.0459899999999999,3,27204,37.78333333333333,0.25,0.6666666666666666,0.6666666666666666,0.6666666666666666,3.0,11,9,0.125,0.6666666666666666,0.2222222222222222,1,0,0,2.2647352647352648,0
40,1,1,9,4,3,4,1,3,1,6,2,0,3617,8,1,14,3,4,1,3,2,3,1,1,0,0,0.12,0.12,1.3,1.2,1.0,0.1872,1,43404,88.21951219512195,0.25,0.5,0.0,0.0,3.3333333333333335,13,9,0.25,1.0,0.1111111111111111,1,0,0,3.6133866133866133,9
45,2,2,4,2,1,3,0,3,2,7,1,0,5006,4,1,11,3,1,1,9,3,4,5,4,0,3,0.125,0.125,1.3,1.0,1.0,0.1625,2,60072,108.82608695652173,0.5,0.6666666666666666,0.5,0.0,1.6666666666666667,9,9,0.2,5.0,1.0,0,0,0,2.5017491254372812,4
34,2,2,3,2,1,4,0,1,2,7,4,2,6029,5,0,12,3,1,0,6,3,3,2,2,2,2,0.125,0.125,0.7,1.0,1.2,0.105,1,72348,172.25714285714287,0.2857142857142857,0.6666666666666666,0.6666666666666666,0.6666666666666666,3.0,12,3,0.2857142857142857,0.6666666666666666,0.3333333333333333,1,0,0,3.0129935032483757,0
35,0,1,3,3,1,3,1,2,1,2,3,1,1281,1,0,18,3,3,2,1,3,3,1,0,0,0,0.12,0.12,0.7,0.9,0.9,0.06804,1,15372,35.583333333333336,0.5,0.0,0.0,0.0,3.0,12,6,0.5,1.0,0.5,1,0,0,1.2797202797202798,0
27,2,1,14,3,1,1,1,3,1,6,1,1,2235,1,1,14,3,4,2,9,3,2,9,7,6,8,0.12,0.12,1.3,1.0,0.9,0.1404,0,26820,79.82142857142857,0.9,0.7,0.8,0.6,2.0,8,9,0.1,1.2857142857142858,4.5,0,0,1,2.2327672327672325,14
26,2,1,1,2,3,1,1,2,1,2,1,1,3955,1,0,16,3,1,2,6,2,3,5,3,1,3,0.12,0.12,0.7,1.0,0.9,0.0756,0,47460,146.4814814814815,0.7142857142857143,0.5,0.5,0.16666666666666666,1.0,6,6,0.14285714285714285,2.5,2.5,0,0,0,3.9510489510489513,0
32,0,1,1,3,1,3,0,2,1,2,2,1,2332,6,0,20,4,3,0,5,3,3,3,0,0,2,0.12,0.12,0.7,0.9,0.9,0.06804,1,27984,70.66666666666667,0.5,0.0,0.5,0.0,2.6666666666666665,11,8,0.16666666666666666,3.0,0.42857142857142855,0,0,0,2.32967032967033,0
35,2,1,6,1,1,3,1,3,1,6,3,1,3506,0,1,14,3,4,0,4,3,3,3,2,2,2,0.12,0.12,1.3,1.0,0.9,0.1404,1,42072,97.38888888888889,0.6,0.5,0.5,0.5,3.3333333333333335,13,9,0.2,1.0,3.0,0,0,0,3.5024975024975027,6
38,2,1,2,2,3,4,0,2,3,4,3,1,7756,3,1,19,3,4,1,10,6,4,5,4,0,2,0.12,0.1,1.3,1.0,0.9,0.1404,1,93072,198.87179487179486,0.45454545454545453,0.6666666666666666,0.3333333333333333,0.0,3.6666666666666665,15,6,0.2727272727272727,5.0,1.25,0,0,0,2.584471842719094,2
50,2,1,7,2,3,2,0,2,5,5,3,0,18740,5,1,12,3,4,1,29,2,2,27,3,13,8,0.12,0.1,1.3,1.0,1.0,0.156,2,224880,367.45098039215685,0.9,0.10714285714285714,0.2857142857142857,0.4642857142857143,3.0,11,6,0.16666666666666666,1.9285714285714286,4.5,0,1,1,3.747250549890022,7
36,2,1,10,3,1,4,1,3,3,0,1,1,8321,7,1,13,3,4,1,15,1,3,12,8,5,7,0.12,0.11,1.3,1.0,0.9,0.1404,1,99852,224.8918918918919,0.75,0.6153846153846154,0.5384615384615384,0.38461538461538464,3.0,12,9,0.1875,2.0,1.5,0,1,1,2.772742419193602,10
19,2,1,9,2,1,3,1,3,1,6,1,2,2552,1,0,25,4,3,0,1,4,3,1,1,0,0,0.12,0.12,0.7,1.0,1.2,0.1007999999999999,0,30624,127.6,0.5,0.5,0.0,0.0,2.3333333333333335,10,12,0.5,1.0,0.5,1,0,0,2.5494505494505493,0
38,2,2,1,4,1,1,0,2,2,7,4,2,8686,4,0,22,4,3,0,12,2,4,8,3,0,7,0.125,0.125,0.7,1.0,1.2,0.105,1,104232,222.71794871794873,0.6153846153846154,0.3333333333333333,0.7777777777777778,0.0,2.6666666666666665,12,8,0.15384615384615385,8.0,1.6,0,0,0,4.340829585207397,0
58,2,1,5,3,5,3,0,2,3,0,2,0,10552,2,1,13,3,4,1,24,3,3,6,0,0,4,0.12,0.11,1.3,1.0,1.0,0.156,3,126624,178.84745762711864,0.24,0.0,0.5714285714285714,0.0,3.0,12,6,0.12,6.0,2.0,0,0,0,3.5161612795734754,5
27,1,2,3,1,3,4,0,4,2,7,4,0,4647,1,1,20,4,2,2,6,3,3,6,5,0,4,0.125,0.125,1.3,1.2,1.0,0.195,0,55764,165.96428571428572,0.8571428571428571,0.7142857142857143,0.5714285714285714,0.0,3.3333333333333335,13,16,0.2857142857142857,6.0,3.0,0,0,0,2.3223388305847075,3
45,1,1,7,4,1,1,1,4,2,4,3,1,6434,4,0,17,3,4,1,9,1,3,3,2,0,2,0.12,0.1,0.7,1.2,0.9,0.09072,2,77208,139.8695652173913,0.3,0.5,0.5,0.0,2.6666666666666665,11,12,0.2,3.0,0.6,0,0,0,3.215392303848076,0
51,2,1,7,4,3,2,1,2,2,4,3,1,6132,2,0,17,3,3,0,10,2,3,1,0,0,0,0.12,0.1,0.7,1.0,0.9,0.0756,3,73584,117.92307692307692,0.09090909090909091,0.0,0.0,0.0,2.6666666666666665,11,6,0.18181818181818182,1.0,0.3333333333333333,1,0,0,3.0644677661169415,0
49,2,1,20,4,3,3,0,3,2,4,1,1,6567,1,0,14,3,3,0,16,2,2,15,11,5,11,0.12,0.1,0.7,1.0,0.9,0.0756,2,78804,131.34,0.8823529411764706,0.6875,0.6875,0.3125,2.3333333333333335,9,9,0.11764705882352941,2.5,7.5,0,1,1,3.2818590704647677,0
29,1,2,13,3,5,1,0,3,2,7,2,2,5765,5,0,11,3,1,0,7,4,1,5,3,0,0,0.125,0.125,0.7,1.2,1.2,0.126,0,69180,192.16666666666666,0.625,0.5,0.0,0.0,1.3333333333333333,5,9,0.25,5.0,0.8333333333333334,0,0,0,2.8810594702648675,0
25,2,1,1,3,1,1,0,3,2,4,3,1,4898,0,0,12,3,4,2,5,3,3,4,2,1,2,0.12,0.1,0.7,1.0,0.9,0.0756,0,58776,188.3846153846154,0.6666666666666666,0.4,0.4,0.2,2.6666666666666665,11,9,0.3333333333333333,2.0,4.0,0,0,0,2.447776111944028,0
36,2,1,3,2,1,1,0,3,1,2,4,0,2835,5,0,22,4,1,1,7,2,3,1,0,0,0,0.12,0.12,0.7,1.0,1.0,0.0839999999999999,1,34020,76.62162162162163,0.125,0.0,0.0,0.0,2.0,9,12,0.125,1.0,0.16666666666666666,1,0,0,2.832167832167832,0
44,2,0,1,4,1,1,0,2,2,1,3,2,5985,4,0,11,3,2,0,10,1,4,2,2,0,2,0.073,0.073,0.7,1.0,1.2,0.0613199999999999,2,71820,133.0,0.18181818181818182,0.6666666666666666,0.6666666666666666,0.0,2.0,10,6,0.18181818181818182,2.0,0.4,1,0,0,2.9910044977511245,0
49,2,1,6,1,1,3,0,2,4,0,3,1,13966,2,1,19,3,2,1,30,3,3,15,11,2,12,0.12,0.11,1.3,1.0,0.9,0.1404,2,167592,279.32,0.4838709677419355,0.6875,0.75,0.125,2.6666666666666665,11,6,0.12903225806451613,5.0,5.0,0,1,0,3.490627343164209,6
35,2,2,18,3,3,3,0,3,2,7,3,1,4601,1,0,16,3,2,0,5,3,3,5,2,1,0,0.125,0.125,0.7,1.0,0.9,0.07875,1,55212,127.80555555555556,0.8333333333333334,0.3333333333333333,0.0,0.16666666666666666,2.6666666666666665,11,9,0.3333333333333333,2.5,2.5,0,0,0,2.2993503248375813,0
18,0,1,1,3,1,4,0,3,1,2,4,2,1611,1,0,15,3,3,0,0,5,4,0,0,0,0,0.12,0.12,0.7,0.9,1.2,0.09072,0,19332,84.78947368421052,0.0,0.0,0.0,0.0,3.6666666666666665,15,9,1.0,0.0,0.0,1,0,0,1.6093906093906094,0
27,2,1,8,3,3,3,0,3,1,6,4,2,3445,1,0,11,3,3,0,6,5,2,6,2,1,4,0.12,0.12,0.7,1.0,1.2,0.1007999999999999,0,41340,123.03571428571429,0.8571428571428571,0.2857142857142857,0.5714285714285714,0.14285714285714285,3.3333333333333335,12,9,0.14285714285714285,3.0,3.0,0,0,0,3.4415584415584415,0
45,2,1,2,3,1,2,0,2,1,6,3,2,2274,1,0,14,3,4,0,1,3,3,1,0,0,0,0.12,0.12,0.7,1.0,1.2,0.1007999999999999,2,27288,49.43478260869565,0.5,0.0,0.0,0.0,3.0,12,6,0.5,1.0,0.5,1,0,0,2.271728271728272,0
23,2,1,6,3,1,3,1,4,1,2,1,1,1601,1,1,21,4,3,2,1,2,3,0,0,0,0,0.12,0.12,1.3,1.0,0.9,0.1404,0,19212,66.70833333333333,0.0,0.0,0.0,0.0,2.3333333333333335,10,16,0.5,0.0,0.0,1,0,0,1.5994005994005993,6
45,2,1,29,3,5,2,1,3,3,4,4,1,9380,4,1,18,3,4,2,10,4,4,3,1,1,2,0.12,0.1,1.3,1.0,0.9,0.1404,2,112560,203.91304347826087,0.2727272727272727,0.25,0.5,0.25,3.3333333333333335,14,9,0.2727272727272727,1.5,0.6,0,0,0,3.125624791736088,29
45,2,2,2,2,5,2,1,1,2,8,3,2,6632,0,0,13,3,1,0,9,3,3,8,7,3,1,0.125,0.125,0.7,1.0,1.2,0.105,2,79584,144.17391304347825,0.8,0.7777777777777778,0.1111111111111111,0.3333333333333333,2.0,9,3,0.2,2.0,8.0,0,0,0,3.314342828585707,0
35,2,1,23,4,3,2,1,1,1,2,3,1,2705,0,0,16,3,2,1,6,2,4,5,4,0,3,0.12,0.12,0.7,1.0,0.9,0.0756,1,32460,75.13888888888889,0.7142857142857143,0.6666666666666666,0.5,0.0,2.3333333333333335,11,3,0.14285714285714285,5.0,5.0,0,0,0,2.7022977022977024,0
31,2,1,22,4,3,4,1,3,2,4,3,1,6179,1,1,15,3,4,2,10,3,2,10,2,6,7,0.12,0.1,1.3,1.0,0.9,0.1404,1,74148,193.09375,0.9090909090909091,0.18181818181818182,0.6363636363636364,0.5454545454545454,3.6666666666666665,13,9,0.18181818181818182,1.4285714285714286,5.0,0,1,1,3.0879560219890054,22
30,2,0,9,3,0,3,1,3,2,1,4,1,6347,0,1,19,3,4,0,12,2,1,11,9,4,7,0.073,0.073,1.3,1.0,0.9,0.08541,0,76164,204.74193548387098,0.8461538461538461,0.75,0.5833333333333334,0.3333333333333333,3.6666666666666665,12,9,0.15384615384615385,2.2,11.0,0,1,0,3.1719140429785107,9
26,2,1,21,3,3,1,1,3,1,2,3,0,2377,1,0,20,4,3,1,1,0,2,1,1,0,0,0.12,0.12,0.7,1.0,1.0,0.0839999999999999,0,28524,88.03703703703704,0.5,0.5,0.0,0.0,2.3333333333333335,9,12,0.5,1.0,0.5,1,0,0,2.3746253746253747,0
26,2,1,3,4,3,1,1,4,1,2,4,1,4420,1,0,22,4,2,1,8,2,3,8,7,0,7,0.12,0.12,0.7,1.0,0.9,0.0756,0,53040,163.7037037037037,0.8888888888888888,0.7777777777777778,0.7777777777777778,0.0,2.3333333333333335,10,16,0.1111111111111111,8.0,4.0,0,0,0,4.415584415584416,0
31,1,1,1,3,1,4,1,1,2,6,1,1,5003,1,0,21,4,2,0,10,6,3,10,8,8,7,0.12,0.12,0.7,1.2,0.9,0.09072,1,60036,156.34375,0.9090909090909091,0.7272727272727273,0.6363636363636364,0.7272727272727273,2.3333333333333335,10,4,0.18181818181818182,1.1111111111111112,5.0,0,1,1,2.500249875062469,0
35,2,1,9,4,3,2,1,3,2,6,3,2,5098,1,0,19,3,2,0,10,5,3,10,7,0,8,0.12,0.12,0.7,1.0,1.2,0.1007999999999999,1,61176,141.61111111111111,0.9090909090909091,0.6363636363636364,0.7272727272727273,0.0,2.3333333333333335,10,9,0.18181818181818182,10.0,5.0,0,1,0,2.547726136931534,0
28,2,1,1,3,1,3,1,3,1,6,4,1,2044,1,0,11,3,3,1,5,6,4,5,3,0,3,0.12,0.12,0.7,1.0,0.9,0.0756,0,24528,70.48275862068965,0.8333333333333334,0.5,0.5,0.0,3.3333333333333335,14,9,0.16666666666666666,5.0,2.5,0,0,0,2.041958041958042,0
38,2,2,7,4,2,4,0,2,2,7,4,2,4028,0,0,20,4,1,0,8,2,3,7,7,0,5,0.125,0.125,0.7,1.0,1.2,0.105,1,48336,103.28205128205128,0.7777777777777778,0.875,0.625,0.0,3.0,12,8,0.2222222222222222,7.0,7.0,0,0,0,2.0129935032483757,0
30,1,1,5,4,1,2,1,2,1,6,4,0,3761,9,0,12,3,2,1,10,3,2,5,4,0,3,0.12,0.12,0.7,1.2,1.0,0.1007999999999999,0,45132,121.3225806451613,0.45454545454545453,0.6666666666666666,0.5,0.0,2.6666666666666665,10,6,0.09090909090909091,5.0,0.5,0,0,0,3.757242757242757,0
44,1,1,24,3,1,4,1,3,1,2,3,0,3161,3,1,22,4,4,1,19,0,1,1,0,0,0,0.12,0.12,1.3,1.2,1.0,0.1872,2,37932,70.24444444444444,0.05,0.0,0.0,0.0,3.6666666666666665,12,12,0.05,1.0,0.25,1,0,0,3.157842157842158,24
33,1,2,25,3,3,2,0,3,2,7,3,1,4539,1,0,12,3,1,1,10,3,2,10,7,0,1,0.125,0.125,0.7,1.2,0.9,0.0945,1,54468,133.5,0.9090909090909091,0.6363636363636364,0.09090909090909091,0.0,2.0,8,9,0.18181818181818182,10.0,5.0,0,1,0,2.2683658170914542,0
37,2,1,7,4,3,4,1,3,2,6,1,1,4284,5,1,22,4,3,1,16,2,3,5,3,0,4,0.12,0.12,1.3,1.0,0.9,0.1404,1,51408,112.73684210526316,0.29411764705882354,0.5,0.6666666666666666,0.0,2.6666666666666665,11,12,0.11764705882352941,5.0,0.8333333333333334,0,0,0,2.1409295352323836,7
60,2,2,16,4,2,1,1,3,2,7,1,2,5405,8,0,14,3,4,0,10,1,3,2,2,2,2,0.125,0.125,0.7,1.0,1.2,0.105,3,64860,88.60655737704919,0.18181818181818182,0.6666666666666666,0.6666666666666666,0.6666666666666666,2.0,9,9,0.18181818181818182,0.6666666666666666,0.2222222222222222,1,0,0,2.7011494252873565,0
52,0,2,29,4,1,1,1,3,1,8,4,0,3482,2,0,15,3,2,2,16,3,2,9,8,0,0,0.125,0.125,0.7,0.9,1.0,0.07875,3,41784,65.69811320754717,0.5294117647058824,0.8,0.0,0.0,2.3333333333333335,9,9,0.058823529411764705,9.0,3.0,0,0,0,3.4785214785214786,0
41,2,2,23,2,1,4,1,3,3,7,3,2,7082,3,1,16,3,4,0,21,2,3,2,0,0,2,0.125,0.125,1.3,1.0,1.2,0.195,2,84984,168.61904761904762,0.09090909090909091,0.0,0.6666666666666666,0.0,3.6666666666666665,14,9,0.13636363636363635,2.0,0.5,1,0,0,2.3598800399866713,23
26,2,1,1,3,3,3,1,3,1,2,1,2,2867,0,0,13,3,4,0,8,6,2,7,7,7,6,0.12,0.12,0.7,1.0,1.2,0.1007999999999999,0,34404,106.18518518518519,0.7777777777777778,0.875,0.75,0.875,2.6666666666666665,10,9,0.1111111111111111,0.875,7.0,0,0,1,2.8641358641358643,0
43,2,1,11,3,1,1,1,3,3,0,3,1,7510,1,0,17,3,2,1,10,1,3,10,9,0,9,0.12,0.11,0.7,1.0,0.9,0.0756,2,90120,170.6818181818182,0.9090909090909091,0.8181818181818182,0.8181818181818182,0.0,2.0,9,9,0.2727272727272727,10.0,5.0,0,1,0,2.502499166944352,0
35,2,1,27,4,1,4,1,3,2,4,3,1,6883,2,0,16,3,2,1,17,3,3,7,7,0,7,0.12,0.1,0.7,1.0,0.9,0.0756,1,82596,191.19444444444446,0.3888888888888889,0.875,0.875,0.0,3.0,12,9,0.1111111111111111,7.0,2.3333333333333335,0,0,0,3.4397801099450276,0
27,2,2,10,3,2,4,0,2,2,7,4,1,5769,1,1,11,3,4,0,6,3,3,6,2,4,4,0.125,0.125,1.3,1.0,0.9,0.14625,0,69228,206.03571428571428,0.8571428571428571,0.2857142857142857,0.5714285714285714,0.5714285714285714,4.0,15,6,0.2857142857142857,1.2,3.0,0,0,0,2.8830584707646176,10
33,0,2,2,3,2,4,0,3,2,7,2,2,5147,8,0,15,3,4,0,13,2,2,11,7,1,7,0.125,0.125,0.7,0.9,1.2,0.0945,1,61764,151.38235294117646,0.7857142857142857,0.5833333333333334,0.5833333333333334,0.08333333333333333,3.3333333333333335,12,9,0.14285714285714285,5.5,1.2222222222222223,0,1,0,2.5722138930534735,0
50,2,1,2,3,3,3,1,3,4,5,3,1,17639,5,0,16,3,4,0,30,3,3,4,3,0,3,0.12,0.1,0.7,1.0,0.9,0.0756,2,211668,345.8627450980392,0.12903225806451613,0.6,0.6,0.0,3.3333333333333335,13,9,0.12903225806451613,4.0,0.6666666666666666,0,0,0,4.40864783804049,0
55,2,2,13,4,2,1,1,4,4,7,3,2,13695,6,1,17,3,3,0,24,2,2,19,7,3,8,0.125,0.125,1.3,1.0,1.2,0.195,3,164340,244.55357142857142,0.76,0.35,0.4,0.15,2.3333333333333335,9,12,0.16,4.75,2.7142857142857144,0,1,0,3.4228942764308923,13
38,2,1,2,3,3,3,1,3,2,4,2,1,4855,4,0,11,3,1,2,7,2,3,5,2,1,4,0.12,0.1,0.7,1.0,0.9,0.0756,1,58260,124.48717948717949,0.625,0.3333333333333333,0.6666666666666666,0.16666666666666666,2.0,9,9,0.25,2.5,1.0,0,0,0,2.426286856571714,0
32,2,2,1,4,3,2,1,2,1,8,2,1,2269,0,0,14,3,2,1,3,2,3,2,2,2,2,0.125,0.125,0.7,1.0,0.9,0.07875,1,27228,68.75757575757575,0.5,0.6666666666666666,0.6666666666666666,0.6666666666666666,2.0,9,6,0.25,0.6666666666666666,2.0,1,0,0,2.266733266733267,0
33,1,1,6,3,1,3,1,3,2,0,4,0,7725,3,0,23,4,3,1,15,2,1,13,11,4,7,0.12,0.11,0.7,1.2,1.0,0.1007999999999999,1,92700,227.2058823529412,0.8125,0.7857142857142857,0.5,0.2857142857142857,3.3333333333333335,11,12,0.125,2.6,3.25,0,1,0,3.8605697151424287,0
33,2,1,5,4,1,3,0,2,1,6,4,1,2911,1,0,13,3,3,1,2,2,2,2,2,0,2,0.12,0.12,0.7,1.0,0.9,0.0756,1,34932,85.61764705882354,0.6666666666666666,0.6666666666666666,0.6666666666666666,0.0,3.3333333333333335,12,6,0.3333333333333333,2.0,1.0,1,0,0,2.908091908091908,0
28,0,0,1,2,1,3,1,3,1,1,4,0,2706,1,0,15,3,2,1,3,2,3,3,2,2,2,0.073,0.073,0.7,0.9,1.0,0.0459899999999999,0,32472,93.3103448275862,0.75,0.5,0.5,0.5,3.0,12,9,0.25,1.0,1.5,0,0,0,2.7032967032967035,0
23,2,1,8,1,3,4,1,2,1,2,3,2,3989,1,1,11,3,1,0,5,2,3,5,4,1,2,0.12,0.12,1.3,1.0,1.2,0.1872,0,47868,166.20833333333334,0.8333333333333334,0.6666666666666666,0.3333333333333333,0.16666666666666666,2.6666666666666665,11,6,0.16666666666666666,2.5,2.5,0,0,0,3.985014985014985,8
35,2,1,28,3,1,2,1,4,2,2,3,1,3407,1,0,17,3,4,2,10,3,2,10,9,6,8,0.12,0.12,0.7,1.0,0.9,0.0756,1,40884,94.63888888888889,0.9090909090909091,0.8181818181818182,0.7272727272727273,0.5454545454545454,3.0,11,12,0.18181818181818182,1.4285714285714286,5.0,0,1,1,1.7026486756621688,0
22,1,1,4,1,5,3,1,2,1,2,3,2,3894,5,0,16,3,3,0,4,3,3,2,2,1,2,0.12,0.12,0.7,1.2,1.2,0.1209599999999999,0,46728,169.30434782608697,0.4,0.6666666666666666,0.6666666666666666,0.3333333333333333,3.0,12,6,0.2,1.0,0.3333333333333333,1,0,0,3.89010989010989,0
41,2,1,6,3,3,4,1,3,1,2,1,2,4721,2,1,13,3,3,0,20,3,3,18,13,2,17,0.12,0.12,1.3,1.0,1.2,0.1872,2,56652,112.4047619047619,0.8571428571428571,0.6842105263157895,0.8947368421052632,0.10526315789473684,2.6666666666666665,11,9,0.047619047619047616,6.0,6.0,0,1,0,4.716283716283717,6
30,2,1,2,3,1,3,1,2,2,0,4,1,4152,1,0,19,3,1,3,11,3,3,11,10,10,8,0.12,0.11,0.7,1.0,0.9,0.0756,0,49824,133.93548387096774,0.9166666666666666,0.8333333333333334,0.6666666666666666,0.8333333333333334,2.6666666666666665,11,6,0.16666666666666666,1.0,5.5,0,1,1,2.0749625187406298,0
27,1,1,5,2,1,4,0,3,1,2,4,2,2379,0,1,14,3,3,0,6,3,2,5,4,0,2,0.12,0.12,1.3,1.2,1.2,0.22464,0,28548,84.96428571428571,0.7142857142857143,0.6666666666666666,0.3333333333333333,0.0,3.6666666666666665,13,9,0.14285714285714285,5.0,5.0,0,0,0,2.3766233766233764,5
24,2,1,17,1,3,4,0,2,2,4,3,0,4377,1,0,15,3,2,2,5,6,3,4,2,3,2,0.12,0.1,0.7,1.0,1.0,0.0839999999999999,0,52524,175.08,0.6666666666666666,0.4,0.4,0.6,3.0,12,6,0.3333333333333333,1.0,2.0,0,0,0,2.187406296851574,0
29,1,1,1,4,1,2,1,1,1,6,4,0,2720,1,0,18,3,4,1,10,5,3,10,7,2,8,0.12,0.12,0.7,1.2,1.0,0.1007999999999999,0,32640,90.66666666666667,0.9090909090909091,0.6363636363636364,0.7272727272727273,0.18181818181818182,3.3333333333333335,13,3,0.09090909090909091,3.3333333333333335,5.0,0,1,0,2.717282717282717,0
46,2,2,2,4,2,2,0,3,5,3,1,2,18947,3,0,12,3,4,0,22,2,2,2,2,2,1,0.125,0.09,0.7,1.0,1.2,0.105,2,227364,403.1276595744681,0.08695652173913043,0.6666666666666666,0.3333333333333333,0.6666666666666666,2.3333333333333335,9,9,0.21739130434782608,0.6666666666666666,0.5,1,0,0,3.7886422715456907,0
39,1,1,4,3,3,1,0,3,2,4,3,2,5042,0,0,13,3,4,0,10,2,1,9,2,3,8,0.12,0.1,0.7,1.2,1.2,0.1209599999999999,1,60504,126.05,0.8181818181818182,0.2,0.8,0.3,2.6666666666666665,9,9,0.18181818181818182,2.25,9.0,0,0,0,2.5197401299350326,0
35,2,2,28,4,1,2,0,2,1,8,3,1,2430,0,0,23,4,1,2,6,5,3,5,3,4,2,0.125,0.125,0.7,1.0,0.9,0.07875,1,29160,67.5,0.7142857142857143,0.5,0.3333333333333333,0.6666666666666666,2.0,9,8,0.14285714285714285,1.0,5.0,0,0,0,2.4275724275724277,0
35,2,1,16,2,4,4,0,2,2,4,2,1,4788,0,1,11,3,4,0,4,2,3,3,2,0,2,0.12,0.1,1.3,1.0,0.9,0.1404,1,57456,133.0,0.6,0.5,0.5,0.0,3.3333333333333335,13,6,0.4,3.0,3.0,0,0,0,2.3928035982008997,16
20,2,1,10,1,3,4,1,3,1,6,3,2,1009,1,1,11,3,4,0,1,5,3,1,0,1,1,0.12,0.12,1.3,1.0,1.2,0.1872,0,12108,48.04761904761905,0.5,0.0,0.5,0.5,3.6666666666666665,14,9,0.5,0.5,0.5,1,0,0,1.007992007992008,10
39,2,1,1,1,1,4,0,2,4,4,4,1,12742,1,0,16,3,3,1,21,3,3,21,6,11,8,0.12,0.1,0.7,1.0,0.9,0.0756,1,152904,318.55,0.9545454545454546,0.2727272727272727,0.36363636363636365,0.5,3.6666666666666665,14,6,0.18181818181818182,1.75,10.5,0,1,1,3.184703824043989,0
34,2,1,7,4,1,1,0,3,3,5,2,2,11994,0,0,11,3,3,0,13,4,3,12,6,2,11,0.12,0.1,0.7,1.0,1.2,0.1007999999999999,1,143928,342.6857142857143,0.8571428571428571,0.46153846153846156,0.8461538461538461,0.15384615384615385,2.0,9,9,0.21428571428571427,4.0,12.0,0,1,0,3.9966677774075308,0
28,2,1,21,3,3,3,1,3,1,6,4,1,2713,1,0,11,3,3,1,5,2,1,5,2,0,2,0.12,0.12,0.7,1.0,0.9,0.0756,0,32556,93.55172413793103,0.8333333333333334,0.3333333333333333,0.3333333333333333,0.0,3.3333333333333335,11,9,0.16666666666666666,5.0,2.5,0,0,0,2.71028971028971,0
29,2,1,1,3,1,1,0,3,1,6,4,0,3760,1,0,15,3,1,3,3,5,3,3,2,1,2,0.12,0.12,0.7,1.0,1.0,0.0839999999999999,0,45120,125.33333333333333,0.75,0.5,0.5,0.25,2.0,9,9,0.25,1.5,1.5,0,0,0,3.756243756243756,0
32,2,2,2,4,2,3,1,2,2,7,2,2,9907,7,1,12,3,3,0,7,3,2,2,2,2,2,0.125,0.125,1.3,1.0,1.2,0.195,1,118884,300.2121212121212,0.25,0.6666666666666666,0.6666666666666666,0.6666666666666666,2.6666666666666665,10,6,0.25,0.6666666666666666,0.25,1,0,0,4.951024487756122,2
53,2,2,1,1,3,4,0,3,2,7,1,2,8381,7,0,20,4,4,0,18,2,4,14,7,8,10,0.125,0.125,0.7,1.0,1.2,0.105,3,100572,155.2037037037037,0.7368421052631579,0.4666666666666667,0.6666666666666666,0.5333333333333333,3.0,13,12,0.10526315789473684,1.5555555555555556,1.75,0,1,1,4.188405797101449,0
31,1,1,3,4,3,2,1,3,3,5,3,0,13675,9,0,12,3,1,1,9,3,3,2,2,2,2,0.12,0.1,0.7,1.2,1.0,0.1007999999999999,1,164100,427.34375,0.2,0.6666666666666666,0.6666666666666666,0.6666666666666666,2.0,9,9,0.3,0.6666666666666666,0.2,1,0,0,4.5568143952016,0
27,2,1,1,2,3,4,1,3,1,2,2,0,3816,1,0,11,3,2,1,5,2,3,5,2,0,4,0.12,0.12,0.7,1.0,1.0,0.0839999999999999,0,45792,136.28571428571428,0.8333333333333334,0.3333333333333333,0.6666666666666666,0.0,2.6666666666666665,11,9,0.16666666666666666,5.0,2.5,0,0,0,3.8121878121878123,0
34,2,2,1,3,2,1,1,3,3,7,4,2,9888,1,0,21,4,1,0,14,3,2,14,8,2,1,0.125,0.125,0.7,1.0,1.2,0.105,1,118656,282.51428571428573,0.9333333333333333,0.5333333333333333,0.06666666666666667,0.13333333333333333,2.0,8,12,0.2,4.666666666666667,7.0,0,1,0,3.294901699433522,0
26,1,1,1,3,1,3,0,3,2,4,2,0,6397,1,0,20,4,1,1,6,6,1,6,5,1,4,0.12,0.1,0.7,1.2,1.0,0.1007999999999999,0,76764,236.92592592592592,0.8571428571428571,0.7142857142857143,0.5714285714285714,0.14285714285714285,2.0,7,12,0.2857142857142857,3.0,3.0,0,0,0,3.1969015492253874,0
43,2,1,6,3,3,1,0,2,2,6,3,2,4081,1,1,14,3,1,0,20,3,1,20,7,1,8,0.12,0.12,1.3,1.0,1.2,0.1872,2,48972,92.75,0.9523809523809523,0.3333333333333333,0.38095238095238093,0.047619047619047616,1.6666666666666667,6,6,0.09523809523809523,10.0,10.0,0,1,0,2.0394802598700648,6
40,2,1,10,4,1,4,0,4,1,2,3,1,2213,3,1,13,3,3,1,10,3,3,7,7,1,7,0.12,0.12,1.3,1.0,0.9,0.1404,1,26556,53.97560975609756,0.6363636363636364,0.875,0.875,0.125,3.3333333333333335,13,12,0.09090909090909091,3.5,1.75,0,0,0,2.2107892107892106,10
34,2,2,8,2,1,3,0,3,2,7,1,1,6500,5,0,17,3,2,1,6,1,3,3,2,1,2,0.125,0.125,0.7,1.0,0.9,0.07875,1,78000,185.71428571428572,0.42857142857142855,0.5,0.5,0.25,2.0,9,9,0.2857142857142857,1.5,0.5,0,0,0,3.248375812093953,0
54,2,1,5,2,3,1,1,3,5,5,1,1,19406,4,0,11,3,3,1,24,4,2,4,2,1,2,0.12,0.1,0.7,1.0,0.9,0.0756,3,232872,352.8363636363636,0.16,0.4,0.4,0.2,1.6666666666666667,7,9,0.2,2.0,0.8,0,0,0,3.8804239152169564,0
36,2,1,26,4,1,1,1,3,2,0,3,1,5347,6,0,14,3,2,2,10,2,2,3,2,0,2,0.12,0.11,0.7,1.0,0.9,0.0756,1,64164,144.51351351351352,0.2727272727272727,0.5,0.5,0.0,2.0,8,9,0.18181818181818182,3.0,0.42857142857142855,0,0,0,2.6721639180409795,0
31,1,1,24,1,5,4,0,3,2,4,4,2,5238,2,0,20,4,4,0,9,3,2,5,4,1,4,0.12,0.1,0.7,1.2,1.2,0.1209599999999999,1,62856,163.6875,0.5,0.6666666666666666,0.6666666666666666,0.16666666666666666,4.0,14,12,0.2,2.5,1.6666666666666667,0,0,0,2.6176911544227885,0
49,2,1,1,2,5,3,0,2,4,0,3,2,13964,7,1,12,3,4,0,25,2,3,7,1,0,7,0.12,0.11,1.3,1.0,1.2,0.1872,2,167568,279.28,0.2692307692307692,0.125,0.875,0.0,3.3333333333333335,13,6,0.15384615384615385,7.0,0.875,0,0,0,3.490127468132967,1
23,2,2,7,3,1,3,1,3,1,8,4,0,2275,1,1,21,4,2,1,3,2,3,3,2,0,2,0.125,0.125,1.3,1.0,1.0,0.1625,0,27300,94.79166666666667,0.75,0.5,0.5,0.0,3.0,12,12,0.25,3.0,1.5,0,0,0,2.272727272727273,7
58,2,1,7,4,3,3,0,2,3,4,1,1,10008,7,1,14,3,4,0,31,0,2,10,9,5,9,0.12,0.1,1.3,1.0,0.9,0.1404,3,120096,169.6271186440678,0.3125,0.8181818181818182,0.8181818181818182,0.45454545454545453,2.6666666666666665,10,6,0.09375,1.6666666666666667,1.25,0,1,1,3.3348883705431525,7
41,2,0,1,3,0,4,1,2,5,3,3,1,19189,1,0,12,3,2,1,22,3,3,22,7,2,10,0.073,0.09,0.7,1.0,0.9,0.0459899999999999,2,230268,456.8809523809524,0.9565217391304348,0.30434782608695654,0.43478260869565216,0.08695652173913043,3.0,12,6,0.21739130434782608,7.333333333333333,11.0,0,1,0,3.837032593481304,0
26,1,2,1,3,3,3,1,2,2,7,1,2,4294,1,0,12,3,2,0,7,2,3,7,7,0,7,0.125,0.125,0.7,1.2,1.2,0.126,0,51528,159.03703703703704,0.875,0.875,0.875,0.0,2.0,9,6,0.25,7.0,3.5,0,0,0,2.1459270364817593,0
43,1,1,21,3,3,4,1,3,1,2,4,1,2258,7,0,20,4,1,1,8,1,3,3,2,1,2,0.12,0.12,0.7,1.2,0.9,0.09072,2,27096,51.31818181818182,0.3333333333333333,0.5,0.5,0.25,3.0,12,12,0.1111111111111111,1.5,0.375,0,0,0,2.255744255744256,0
38,2,1,1,3,5,4,0,3,3,5,1,1,13582,1,0,13,3,2,1,15,3,3,15,12,5,11,0.12,0.1,0.7,1.0,0.9,0.0756,1,162984,348.2564102564103,0.9375,0.75,0.6875,0.3125,2.3333333333333335,10,9,0.1875,2.5,7.5,0,1,1,4.525824725091636,0
34,2,1,1,3,1,4,0,2,1,2,2,1,3294,5,0,17,3,1,1,7,2,2,5,4,0,2,0.12,0.12,0.7,1.0,0.9,0.0756,1,39528,94.11428571428571,0.625,0.6666666666666666,0.3333333333333333,0.0,2.3333333333333335,9,6,0.125,5.0,0.8333333333333334,0,0,0,3.2907092907092905,0
29,2,1,8,4,4,2,1,1,1,2,1,1,2119,1,1,11,3,4,0,7,4,2,7,7,0,7,0.12,0.12,1.3,1.0,0.9,0.1404,0,25428,70.63333333333334,0.875,0.875,0.875,0.0,2.3333333333333335,9,3,0.125,7.0,3.5,0,0,0,2.116883116883117,8
41,2,1,12,4,1,2,1,3,1,2,4,1,4766,3,1,11,3,1,1,6,4,3,1,0,0,0,0.12,0.12,1.3,1.0,0.9,0.1404,2,57192,113.47619047619048,0.14285714285714285,0.0,0.0,0.0,2.3333333333333335,10,9,0.14285714285714285,1.0,0.25,1,0,0,4.761238761238761,12
42,1,1,28,4,5,4,0,2,2,0,4,1,4523,0,0,11,3,4,3,7,4,4,6,5,0,4,0.12,0.11,0.7,1.2,0.9,0.09072,2,54276,105.18604651162791,0.75,0.7142857142857143,0.5714285714285714,0.0,4.0,16,6,0.25,6.0,6.0,0,0,0,2.260369815092454,0
36,2,1,10,4,5,4,0,3,3,0,3,1,7094,3,0,12,3,1,0,10,0,3,7,7,1,7,0.12,0.11,0.7,1.0,0.9,0.0756,1,85128,191.72972972972974,0.6363636363636364,0.875,0.875,0.125,2.6666666666666665,11,9,0.2727272727272727,3.5,1.75,0,0,0,2.363878707097634,0
43,1,1,10,4,1,3,0,3,1,2,4,2,2455,0,0,19,3,1,0,9,5,3,8,7,1,7,0.12,0.12,0.7,1.2,1.2,0.1209599999999999,2,29460,55.79545454545455,0.8,0.7777777777777778,0.7777777777777778,0.1111111111111111,2.6666666666666665,11,9,0.1,4.0,8.0,0,0,0,2.4525474525474524,0
40,0,1,8,2,1,4,1,3,2,0,4,0,4069,3,1,18,3,3,0,8,2,3,2,2,2,2,0.12,0.11,1.3,0.9,1.0,0.1404,1,48828,99.2439024390244,0.2222222222222222,0.6666666666666666,0.6666666666666666,0.6666666666666666,3.6666666666666665,14,9,0.2222222222222222,0.6666666666666666,0.5,1,0,0,2.0334832583708145,8
32,2,1,4,3,1,3,0,2,2,4,3,1,6162,1,0,12,3,3,1,14,3,3,14,13,6,8,0.12,0.1,0.7,1.0,0.9,0.0756,1,73944,186.72727272727272,0.9333333333333333,0.8666666666666667,0.5333333333333333,0.4,3.0,12,6,0.13333333333333333,2.0,7.0,0,1,1,3.0794602698650673,0
51,2,2,14,2,1,3,0,3,2,7,4,1,4936,4,0,11,3,3,1,18,2,2,7,7,0,7,0.125,0.125,0.7,1.0,0.9,0.07875,3,59232,94.92307692307692,0.3684210526315789,0.875,0.875,0.0,3.3333333333333335,12,9,0.10526315789473684,7.0,1.4,0,0,0,2.466766616691654,0
45,2,1,5,5,3,3,0,1,2,2,1,2,5769,1,1,14,3,1,0,10,3,3,10,7,1,4,0.12,0.12,1.3,1.0,1.2,0.1872,2,69228,125.41304347826087,0.9090909090909091,0.6363636363636364,0.36363636363636365,0.09090909090909091,1.6666666666666667,8,3,0.18181818181818182,5.0,5.0,0,1,0,2.8830584707646176,5
42,2,1,17,2,1,4,0,4,2,6,1,2,6545,3,1,13,3,3,0,10,1,3,3,2,0,2,0.12,0.12,1.3,1.0,1.2,0.1872,2,78540,152.2093023255814,0.2727272727272727,0.5,0.5,0.0,2.6666666666666665,11,12,0.18181818181818182,3.0,0.75,0,0,0,3.270864567716142,17
30,2,1,2,1,3,2,1,2,1,2,4,2,2720,0,0,13,3,4,0,6,3,3,5,3,1,2,0.12,0.12,0.7,1.0,1.2,0.1007999999999999,0,32640,87.74193548387096,0.7142857142857143,0.5,0.3333333333333333,0.16666666666666666,3.3333333333333335,13,6,0.14285714285714285,2.5,5.0,0,0,0,2.717282717282717,0
28,2,2,26,3,1,3,1,2,2,7,1,1,4724,1,0,11,3,3,1,5,0,3,5,3,0,4,0.125,0.125,0.7,1.0,0.9,0.07875,0,56688,162.89655172413794,0.8333333333333334,0.5,0.6666666666666666,0.0,2.3333333333333335,10,6,0.3333333333333333,5.0,2.5,0,0,0,2.3608195902048976,0
33,2,2,16,3,1,1,0,3,3,7,1,2,8564,2,1,20,4,3,0,11,2,2,0,0,0,0,0.125,0.125,1.3,1.0,1.2,0.195,1,102768,251.88235294117646,0.0,0.0,0.0,0.0,1.6666666666666667,7,12,0.25,0.0,0.0,1,0,0,2.853715428190603,16
43,2,1,8,4,4,3,0,3,2,0,3,0,4522,4,1,14,3,4,0,8,3,3,5,2,0,2,0.12,0.11,1.3,1.0,1.0,0.156,2,54264,102.77272727272727,0.5555555555555556,0.3333333333333333,0.3333333333333333,0.0,3.3333333333333335,13,9,0.2222222222222222,5.0,1.0,0,0,0,2.259870064967516,8
36,2,2,3,1,1,3,1,2,3,7,4,1,10325,1,1,11,3,1,1,16,6,3,16,7,3,7,0.125,0.125,1.3,1.0,0.9,0.14625,1,123900,279.05405405405406,0.9411764705882353,0.4117647058823529,0.4117647058823529,0.17647058823529413,2.6666666666666665,11,6,0.17647058823529413,4.0,8.0,0,1,0,3.440519826724425,3
36,2,1,7,3,1,1,1,3,1,2,2,2,2013,2,0,11,3,3,0,15,4,3,4,3,1,3,0.12,0.12,0.7,1.0,1.2,0.1007999999999999,1,24156,54.4054054054054,0.25,0.6,0.6,0.2,2.0,9,9,0.0625,2.0,1.3333333333333333,0,0,0,2.010989010989011,0
27,1,2,8,1,2,3,1,3,2,7,4,1,4342,0,0,19,3,2,1,5,3,3,4,2,1,1,0.125,0.125,0.7,1.2,0.9,0.0945,0,52104,155.07142857142858,0.6666666666666666,0.4,0.2,0.2,3.0,12,9,0.3333333333333333,2.0,4.0,0,0,0,2.1699150424787605,0
40,0,2,28,3,4,3,1,1,3,7,1,0,10932,3,0,15,3,3,1,20,2,3,1,0,0,1,0.125,0.125,0.7,0.9,1.0,0.07875,1,131184,266.6341463414634,0.047619047619047616,0.0,0.5,0.0,2.3333333333333335,10,3,0.14285714285714285,1.0,0.25,1,0,0,3.642785738087304,0
44,1,2,1,5,2,1,0,3,2,7,3,1,4768,7,0,12,3,3,1,11,4,2,1,0,0,0,0.125,0.125,0.7,1.2,0.9,0.0945,2,57216,105.95555555555555,0.08333333333333333,0.0,0.0,0.0,2.3333333333333335,9,9,0.16666666666666666,1.0,0.125,1,0,0,2.3828085957021488,0
55,2,0,26,4,0,3,1,4,5,3,2,1,19636,4,1,18,3,1,1,35,0,3,10,9,1,4,0.073,0.09,1.3,1.0,0.9,0.08541,3,235632,350.64285714285717,0.2777777777777778,0.8181818181818182,0.36363636363636365,0.09090909090909091,2.0,9,12,0.1388888888888889,5.0,2.0,0,1,0,3.9264147170565886,26
30,2,2,16,1,1,4,1,3,2,7,3,1,5301,8,0,15,3,3,2,4,2,2,2,1,2,2,0.125,0.125,0.7,1.0,0.9,0.07875,0,63612,171.0,0.4,0.3333333333333333,0.6666666666666666,0.6666666666666666,3.3333333333333335,12,9,0.4,0.6666666666666666,0.2222222222222222,1,0,0,2.649175412293853,0
41,2,2,6,3,2,4,1,3,3,7,3,2,9241,1,0,12,3,2,0,10,3,3,10,8,8,7,0.125,0.125,0.7,1.0,1.2,0.105,2,110892,220.02380952380952,0.9090909090909091,0.7272727272727273,0.6363636363636364,0.7272727272727273,3.0,12,9,0.2727272727272727,1.1111111111111112,5.0,0,1,1,3.0793068977007665,0
51,2,1,6,3,1,1,1,3,5,5,3,2,19537,7,0,13,3,3,0,23,5,3,20,18,15,15,0.12,0.1,0.7,1.0,1.2,0.1007999999999999,3,234444,375.71153846153845,0.8333333333333334,0.8571428571428571,0.7142857142857143,0.7142857142857143,2.3333333333333335,10,9,0.20833333333333334,1.25,2.5,0,1,1,3.9066186762647472,0
53,1,2,2,3,2,3,0,2,3,7,2,1,7525,2,0,12,3,1,1,30,2,3,15,7,6,12,0.125,0.125,0.7,1.2,0.9,0.0945,3,90300,139.35185185185185,0.4838709677419355,0.4375,0.75,0.375,2.0,9,6,0.0967741935483871,2.142857142857143,5.0,0,1,1,2.507497500833056,0
34,1,1,19,3,3,3,0,3,2,2,2,0,4444,4,0,13,3,3,2,15,2,4,11,8,5,10,0.12,0.12,0.7,1.2,1.0,0.1007999999999999,1,53328,126.97142857142858,0.6875,0.6666666666666666,0.8333333333333334,0.4166666666666667,2.6666666666666665,12,9,0.125,1.8333333333333333,2.2,0,1,1,2.2208895552223886,0
35,2,1,16,3,1,4,0,2,3,0,2,2,8606,1,0,19,3,4,0,11,3,1,11,8,3,3,0.12,0.11,0.7,1.0,1.2,0.1007999999999999,1,103272,239.05555555555554,0.9166666666666666,0.6666666666666666,0.25,0.25,3.3333333333333335,11,6,0.25,2.75,5.5,0,1,0,2.8677107630789735,0
40,2,1,2,2,3,1,1,3,5,5,3,0,19436,0,0,19,3,4,1,22,5,3,21,7,3,9,0.12,0.1,0.7,1.0,1.0,0.0839999999999999,1,233232,474.0487804878049,0.9130434782608695,0.3181818181818182,0.4090909090909091,0.13636363636363635,2.6666666666666665,11,9,0.21739130434782608,5.25,21.0,0,1,0,3.8864227154569084,0
49,2,1,1,3,5,3,0,3,1,6,1,1,3580,2,0,16,3,2,1,7,2,3,4,2,0,2,0.12,0.12,0.7,1.0,0.9,0.0756,2,42960,71.6,0.5,0.4,0.4,0.0,2.0,9,9,0.125,4.0,1.3333333333333333,0,0,0,3.5764235764235766,0
56,2,1,7,3,1,4,1,1,3,4,4,2,7260,4,0,11,3,1,0,37,3,2,6,4,0,2,0.12,0.1,0.7,1.0,1.2,0.1007999999999999,3,87120,127.36842105263158,0.15789473684210525,0.5714285714285714,0.2857142857142857,0.0,3.0,11,3,0.07894736842105263,6.0,1.2,0,0,0,2.4191936021326224,0
36,2,1,8,3,5,3,0,3,3,0,3,0,10096,1,0,13,3,2,3,17,2,3,17,14,12,8,0.12,0.11,0.7,1.0,1.0,0.0839999999999999,1,121152,272.86486486486484,0.9444444444444444,0.7777777777777778,0.4444444444444444,0.6666666666666666,2.6666666666666665,11,9,0.16666666666666666,1.3076923076923077,8.5,0,1,1,3.364211929356881,0
26,2,1,24,3,5,3,1,1,1,2,4,2,2340,1,1,18,3,2,0,1,3,1,1,0,0,0,0.12,0.12,1.3,1.0,1.2,0.1872,0,28080,86.66666666666667,0.5,0.0,0.0,0.0,3.0,10,3,0.5,1.0,0.5,1,0,0,2.3376623376623376,24
29,2,1,23,3,1,4,1,3,1,6,4,2,2201,9,0,16,3,4,0,6,4,3,3,2,1,2,0.12,0.12,0.7,1.0,1.2,0.1007999999999999,0,26412,73.36666666666666,0.42857142857142855,0.5,0.5,0.25,4.0,15,9,0.14285714285714285,1.5,0.3,0,0,0,2.1988011988011986,0
35,2,1,25,4,3,3,0,3,3,0,3,0,10388,1,1,11,3,3,1,16,3,2,16,10,10,1,0.12,0.11,1.3,1.0,1.0,0.156,1,124656,288.55555555555554,0.9411764705882353,0.5882352941176471,0.058823529411764705,0.5882352941176471,3.0,11,9,0.17647058823529413,1.4545454545454546,8.0,0,1,1,3.461512829056981,25
26,2,1,16,4,3,1,1,3,1,2,2,0,2373,2,1,13,3,4,1,5,2,3,3,2,0,2,0.12,0.12,1.3,1.0,1.0,0.156,0,28476,87.88888888888889,0.5,0.5,0.5,0.0,2.3333333333333335,10,9,0.16666666666666666,3.0,1.0,0,0,0,2.370629370629371,16
28,1,1,1,4,3,4,1,3,1,2,3,2,2154,0,1,11,3,3,0,5,2,2,4,2,0,2,0.12,0.12,1.3,1.2,1.2,0.22464,0,25848,74.27586206896552,0.6666666666666666,0.4,0.4,0.0,3.3333333333333335,12,9,0.16666666666666666,4.0,4.0,0,0,0,2.151848151848152,1
48,2,1,2,2,5,4,1,4,1,2,2,2,2559,5,0,11,3,3,0,7,4,2,1,0,0,0,0.12,0.12,0.7,1.0,1.2,0.1007999999999999,2,30708,52.224489795918366,0.125,0.0,0.0,0.0,3.0,11,12,0.125,1.0,0.16666666666666666,1,0,0,2.5564435564435564,0
26,2,1,6,3,1,3,0,3,1,2,4,1,2659,1,1,13,3,3,1,3,2,3,3,2,0,2,0.12,0.12,1.3,1.0,0.9,0.1404,0,31908,98.48148148148148,0.75,0.5,0.5,0.0,3.3333333333333335,13,9,0.25,3.0,1.5,0,0,0,2.6563436563436564,6
50,1,0,3,3,3,1,1,3,5,3,2,1,18200,1,0,11,3,3,1,32,2,3,32,5,10,7,0.073,0.09,0.7,1.2,0.9,0.0551879999999999,2,218400,356.8627450980392,0.9696969696969697,0.15151515151515152,0.21212121212121213,0.30303030303030304,2.0,9,9,0.15151515151515152,2.909090909090909,16.0,0,1,1,3.6392721455708856,0
55,2,1,2,3,1,3,0,3,4,3,4,2,16659,2,1,13,3,3,0,30,2,3,5,4,1,2,0.12,0.09,1.3,1.0,1.2,0.1872,3,199908,297.48214285714283,0.16129032258064516,0.6666666666666666,0.3333333333333333,0.16666666666666666,3.3333333333333335,13,9,0.12903225806451613,2.5,1.6666666666666667,0,0,0,4.163709072731817,2
36,2,1,6,2,3,2,1,3,2,4,2,0,4941,6,0,20,4,4,2,7,0,3,3,2,0,1,0.12,0.1,0.7,1.0,1.0,0.0839999999999999,1,59292,133.54054054054055,0.375,0.5,0.25,0.0,2.6666666666666665,11,12,0.25,3.0,0.42857142857142855,0,0,0,2.469265367316342,0
34,2,2,1,4,2,2,1,4,2,7,4,0,9725,0,0,11,3,4,1,16,2,2,15,1,0,9,0.125,0.125,0.7,1.0,1.0,0.0875,1,116700,277.85714285714283,0.8823529411764706,0.0625,0.5625,0.0,3.3333333333333335,12,12,0.11764705882352941,15.0,15.0,0,1,0,4.860069965017491,0
30,2,2,7,1,2,4,1,3,1,8,2,2,2983,0,0,14,3,1,0,4,3,3,3,2,1,2,0.125,0.125,0.7,1.0,1.2,0.105,0,35796,96.2258064516129,0.6,0.5,0.5,0.25,2.3333333333333335,10,9,0.2,1.5,3.0,0,0,0,2.98001998001998,0
27,2,1,6,3,1,4,1,2,1,6,3,1,2539,1,0,13,3,3,1,4,0,3,4,2,2,2,0.12,0.12,0.7,1.0,0.9,0.0756,0,30468,90.67857142857143,0.8,0.4,0.4,0.4,3.3333333333333335,13,6,0.2,1.3333333333333333,2.0,0,0,0,2.5364635364635366,0
45,0,1,2,2,3,1,1,2,4,3,4,1,16792,9,0,23,4,4,1,22,1,3,20,8,11,8,0.12,0.09,0.7,0.9,0.9,0.06804,2,201504,365.04347826086956,0.8695652173913043,0.38095238095238093,0.38095238095238093,0.5238095238095238,3.0,12,8,0.17391304347826086,1.6666666666666667,2.0,0,1,1,4.196950762309423,0
46,0,2,26,2,1,2,1,2,2,7,2,2,7991,8,0,15,3,3,0,6,3,3,2,2,2,2,0.125,0.125,0.7,0.9,1.2,0.0945,2,95892,170.0212765957447,0.2857142857142857,0.6666666666666666,0.6666666666666666,0.6666666666666666,2.3333333333333335,10,6,0.2857142857142857,0.6666666666666666,0.2222222222222222,1,0,0,3.993503248375812,0
33,2,1,10,1,3,1,1,1,1,2,4,0,3408,7,0,13,3,1,3,8,2,3,4,3,1,3,0.12,0.12,0.7,1.0,1.0,0.0839999999999999,1,40896,100.23529411764706,0.4444444444444444,0.6,0.6,0.2,2.0,9,3,0.1111111111111111,2.0,0.5,0,0,0,3.4045954045954048,0
40,2,1,6,3,1,2,0,3,4,4,3,2,13237,7,0,15,3,3,0,22,3,3,20,6,5,13,0.12,0.1,0.7,1.0,1.2,0.1007999999999999,1,158844,322.8536585365854,0.8695652173913043,0.2857142857142857,0.6190476190476191,0.23809523809523808,2.6666666666666665,11,9,0.17391304347826086,3.3333333333333335,2.5,0,1,1,3.308422894276431,0
30,2,1,7,4,1,3,1,3,2,2,3,0,3491,1,0,13,3,1,3,10,4,2,10,7,8,9,0.12,0.12,0.7,1.0,1.0,0.0839999999999999,0,41892,112.61290322580645,0.9090909090909091,0.6363636363636364,0.8181818181818182,0.7272727272727273,2.3333333333333335,9,9,0.18181818181818182,1.1111111111111112,5.0,0,1,1,1.7446276861569214,0
27,1,2,8,3,1,4,1,3,3,7,3,2,8726,1,0,15,3,4,0,9,0,3,9,8,1,7,0.125,0.125,0.7,1.2,1.2,0.126,0,104712,311.64285714285717,0.9,0.8,0.7,0.1,3.6666666666666665,14,9,0.3,4.5,4.5,0,0,0,2.907697434188604,0
19,2,0,2,2,5,1,1,2,1,1,4,2,2564,1,0,12,3,3,0,1,3,4,1,0,0,0,0.073,0.073,0.7,1.0,1.2,0.0613199999999999,0,30768,128.2,0.5,0.0,0.0,0.0,2.6666666666666665,12,6,0.5,1.0,0.5,1,0,0,2.5614385614385613,0
50,2,1,28,1,3,4,1,4,1,2,3,1,3221,1,1,11,3,3,3,20,3,3,20,8,3,8,0.12,0.12,1.3,1.0,0.9,0.1404,2,38652,63.15686274509804,0.9523809523809523,0.38095238095238093,0.38095238095238093,0.14285714285714285,3.3333333333333335,13,12,0.047619047619047616,5.0,10.0,0,1,0,3.2177822177822177,28
39,2,1,18,2,1,1,1,3,2,4,3,2,4534,0,0,11,3,1,0,9,6,3,8,7,1,7,0.12,0.1,0.7,1.0,1.2,0.1007999999999999,1,54408,113.35,0.8,0.7777777777777778,0.7777777777777778,0.1111111111111111,1.6666666666666667,8,9,0.2,4.0,8.0,0,0,0,2.265867066466767,0
25,0,1,5,2,1,2,1,4,2,0,1,0,4000,1,0,12,3,4,2,6,2,3,6,3,1,5,0.12,0.11,0.7,0.9,1.0,0.0756,0,48000,153.84615384615384,0.8571428571428571,0.42857142857142855,0.7142857142857143,0.14285714285714285,2.3333333333333335,10,12,0.2857142857142857,3.0,3.0,0,0,0,1.999000499750125,0
29,2,1,1,4,3,1,1,3,1,6,4,1,4787,9,1,14,3,2,3,4,3,4,2,2,2,2,0.12,0.12,1.3,1.0,0.9,0.1404,0,57444,159.56666666666666,0.4,0.6666666666666666,0.6666666666666666,0.6666666666666666,2.3333333333333335,11,9,0.2,0.6666666666666666,0.2,1,0,0,4.782217782217782,1
48,2,1,4,3,1,4,1,3,3,4,4,2,7898,1,0,11,3,3,0,11,2,3,10,9,0,8,0.12,0.1,0.7,1.0,1.2,0.1007999999999999,2,94776,161.18367346938774,0.8333333333333334,0.8181818181818182,0.7272727272727273,0.0,3.6666666666666665,14,9,0.25,10.0,5.0,0,1,0,2.631789403532156,0
36,2,1,3,3,5,3,1,3,2,6,2,2,4485,4,0,12,3,4,0,10,2,3,8,0,7,7,0.12,0.12,0.7,1.0,1.2,0.1007999999999999,1,53820,121.21621621621621,0.7272727272727273,0.0,0.7777777777777778,0.7777777777777778,3.0,12,9,0.18181818181818182,1.0,1.6,0,0,1,2.2413793103448274,0
54,2,2,2,4,1,3,0,2,3,7,3,1,10686,6,0,11,3,2,1,13,4,3,9,4,7,0,0.125,0.125,0.7,1.0,0.9,0.07875,3,128232,194.29090909090908,0.6428571428571429,0.4,0.0,0.7,2.6666666666666665,11,6,0.21428571428571427,1.125,1.2857142857142858,0,0,1,3.5608130623125627,0
19,2,1,2,3,1,2,1,2,1,2,4,2,1102,1,0,22,4,3,0,1,3,2,1,0,1,0,0.12,0.12,0.7,1.0,1.2,0.1007999999999999,0,13224,55.1,0.5,0.0,0.0,0.5,3.0,11,8,0.5,0.5,0.5,1,0,0,1.100899100899101,0
25,2,2,8,2,4,1,0,3,2,7,3,0,4907,0,1,22,4,2,1,6,3,2,5,3,0,4,0.125,0.125,1.3,1.0,1.0,0.1625,0,58884,188.73076923076923,0.7142857142857143,0.5,0.6666666666666666,0.0,2.0,8,12,0.2857142857142857,5.0,5.0,0,0,0,2.452273863068466,8
40,0,2,24,3,1,2,0,4,4,7,2,2,13194,4,1,16,3,4,0,22,2,2,1,0,0,0,0.125,0.125,1.3,0.9,1.2,0.1755,1,158328,321.8048780487805,0.043478260869565216,0.0,0.0,0.0,2.6666666666666665,10,12,0.17391304347826086,1.0,0.2,1,0,0,3.297675581104724,24
39,1,1,2,4,5,3,0,3,3,0,3,2,10938,0,0,25,4,4,0,20,1,3,19,6,11,8,0.12,0.11,0.7,1.2,1.2,0.1209599999999999,1,131256,273.45,0.9047619047619048,0.3,0.4,0.55,3.3333333333333335,13,12,0.14285714285714285,1.5833333333333333,19.0,0,1,1,3.6447850716427856,0
33,2,0,2,3,0,2,1,3,1,1,3,1,3600,1,0,13,3,4,1,5,2,3,5,4,1,4,0.073,0.073,0.7,1.0,0.9,0.0459899999999999,1,43200,105.88235294117646,0.8333333333333334,0.6666666666666666,0.6666666666666666,0.16666666666666666,3.0,12,9,0.16666666666666666,2.5,2.5,0,0,0,3.5964035964035963,0
36,1,1,18,1,3,2,0,3,1,2,4,2,2153,1,0,13,3,1,0,8,2,3,8,1,1,7,0.12,0.12,0.7,1.2,1.2,0.1209599999999999,1,25836,58.189189189189186,0.8888888888888888,0.1111111111111111,0.7777777777777778,0.1111111111111111,2.3333333333333335,10,9,0.1111111111111111,4.0,4.0,0,0,0,2.150849150849151,0
45,2,1,25,2,1,2,0,2,2,4,4,1,5906,0,0,13,3,4,2,10,2,2,9,8,3,8,0.12,0.1,0.7,1.0,0.9,0.0756,2,70872,128.3913043478261,0.8181818181818182,0.8,0.8,0.3,3.3333333333333335,12,6,0.18181818181818182,2.25,9.0,0,0,0,2.9515242378810593,0
50,2,1,10,3,5,4,1,2,3,0,4,2,10496,6,0,15,3,4,0,20,2,3,4,3,1,3,0.12,0.11,0.7,1.0,1.2,0.1007999999999999,2,125952,205.80392156862746,0.19047619047619047,0.6,0.6,0.2,4.0,15,6,0.14285714285714285,2.0,0.5714285714285714,0,0,0,3.497500833055648,0
49,2,1,22,4,4,1,0,3,4,5,2,1,16413,3,0,16,3,2,2,27,2,3,4,2,1,2,0.12,0.1,0.7,1.0,0.9,0.0756,2,196956,328.26,0.14285714285714285,0.4,0.4,0.2,1.6666666666666667,8,9,0.14285714285714285,2.0,1.0,0,0,0,4.102224443889027,0
56,2,1,23,3,1,4,1,3,4,4,2,1,13402,4,1,12,3,1,1,33,0,3,19,16,15,9,0.12,0.1,1.3,1.0,0.9,0.1404,3,160824,235.12280701754386,0.5588235294117647,0.8,0.45,0.75,2.3333333333333335,10,9,0.11764705882352941,1.1875,3.8,0,1,1,3.3496625843539114,23
36,2,1,1,3,4,3,0,3,2,4,2,1,5228,0,0,15,3,1,1,10,2,3,9,7,0,5,0.12,0.1,0.7,1.0,0.9,0.0756,1,62736,141.2972972972973,0.8181818181818182,0.7,0.5,0.0,2.0,9,9,0.18181818181818182,9.0,9.0,0,0,0,2.6126936531734133,0
33,2,1,1,4,4,3,1,2,1,6,1,2,2799,3,1,11,3,2,0,6,1,3,3,2,0,2,0.12,0.12,1.3,1.0,1.2,0.1872,1,33588,82.32352941176471,0.42857142857142855,0.5,0.5,0.0,2.0,9,6,0.14285714285714285,3.0,0.75,0,0,0,2.796203796203796,1
31,2,0,18,5,0,4,1,4,1,1,1,1,2956,0,0,17,3,3,0,2,4,3,1,0,0,0,0.073,0.073,0.7,1.0,0.9,0.0459899999999999,1,35472,92.375,0.3333333333333333,0.0,0.0,0.0,2.6666666666666665,11,12,0.3333333333333333,1.0,1.0,1,0,0,2.953046953046953,0
48,2,1,15,4,4,3,0,3,1,6,1,1,2367,8,0,12,3,4,1,10,3,2,8,2,7,6,0.12,0.12,0.7,1.0,0.9,0.0756,2,28404,48.30612244897959,0.7272727272727273,0.2222222222222222,0.6666666666666666,0.7777777777777778,2.6666666666666665,10,9,0.09090909090909091,1.0,0.8888888888888888,0,0,1,2.364635364635365,0
36,2,1,5,4,1,2,0,3,3,0,1,1,8008,4,0,12,3,3,2,9,6,3,3,2,0,2,0.12,0.11,0.7,1.0,0.9,0.0756,1,96096,216.43243243243242,0.3,0.5,0.5,0.0,2.0,9,9,0.3,3.0,0.6,0,0,0,2.6684438520493168,0
37,2,1,19,3,1,3,1,3,2,4,3,1,5768,3,0,17,3,1,3,9,2,2,4,3,0,2,0.12,0.1,0.7,1.0,0.9,0.0756,1,69216,151.78947368421052,0.4,0.6,0.4,0.0,2.3333333333333335,9,9,0.2,4.0,1.0,0,0,0,2.8825587206396803,0
36,1,1,3,2,3,4,1,3,1,2,2,2,2088,4,0,12,3,3,0,13,3,2,8,7,7,2,0.12,0.12,0.7,1.2,1.2,0.1209599999999999,1,25056,56.432432432432435,0.5714285714285714,0.7777777777777778,0.2222222222222222,0.7777777777777778,3.0,11,9,0.07142857142857142,1.0,1.6,0,0,1,2.085914085914086,0
32,2,2,2,1,2,3,1,3,2,7,2,1,4078,0,1,13,3,1,3,4,3,2,3,2,1,2,0.125,0.125,1.3,1.0,0.9,0.14625,1,48936,123.57575757575758,0.6,0.5,0.5,0.25,2.0,8,9,0.4,1.5,3.0,0,0,0,2.0379810094952524,2
27,0,1,3,3,3,4,1,3,1,6,4,1,1706,1,0,11,3,3,3,0,6,2,0,0,0,0,0.12,0.12,0.7,0.9,0.9,0.06804,0,20472,60.92857142857143,0.0,0.0,0.0,0.0,3.6666666666666665,13,9,1.0,0.0,0.0,1,0,0,1.7042957042957043,0
37,0,1,1,4,3,1,0,3,3,5,4,0,13603,2,1,18,3,1,2,15,2,3,5,2,0,2,0.12,0.1,1.3,0.9,1.0,0.1404,1,163236,357.9736842105263,0.3125,0.3333333333333333,0.3333333333333333,0.0,2.0,9,9,0.1875,5.0,1.6666666666666667,0,0,0,4.532822392535821,1
41,2,1,7,2,5,2,0,4,1,6,3,1,3376,1,0,13,3,3,0,10,3,3,10,6,0,8,0.12,0.12,0.7,1.0,0.9,0.0756,2,40512,80.38095238095238,0.9090909090909091,0.5454545454545454,0.7272727272727273,0.0,2.6666666666666665,11,12,0.09090909090909091,10.0,5.0,0,1,0,3.3726273726273726,0
32,2,1,10,3,3,3,1,3,3,3,4,2,11244,2,0,25,4,2,0,10,5,4,5,2,0,0,0.12,0.09,0.7,1.0,1.2,0.1007999999999999,1,134928,340.72727272727275,0.45454545454545453,0.3333333333333333,0.0,0.0,3.0,13,12,0.2727272727272727,5.0,1.6666666666666667,0,0,0,3.7467510829723425,0
36,2,2,9,4,1,3,1,2,1,8,1,2,3407,7,0,23,4,2,0,10,4,3,5,3,0,3,0.125,0.125,0.7,1.0,1.2,0.105,1,40884,92.08108108108108,0.45454545454545453,0.5,0.5,0.0,2.0,9,8,0.09090909090909091,5.0,0.625,0,0,0,3.4035964035964037,0
30,2,1,18,3,1,1,0,3,1,6,3,2,2632,1,0,14,3,3,0,5,4,2,5,4,0,4,0.12,0.12,0.7,1.0,1.2,0.1007999999999999,0,31584,84.90322580645162,0.8333333333333334,0.6666666666666666,0.6666666666666666,0.0,2.3333333333333335,9,9,0.16666666666666666,5.0,2.5,0,0,0,2.629370629370629,0
45,2,1,1,4,3,4,0,3,1,2,4,0,2270,3,0,14,3,4,2,8,2,3,5,3,0,2,0.12,0.12,0.7,1.0,1.0,0.0839999999999999,2,27240,49.34782608695652,0.5555555555555556,0.5,0.3333333333333333,0.0,4.0,15,9,0.1111111111111111,5.0,1.25,0,0,0,2.2677322677322675,0
46,2,1,21,2,3,4,0,3,2,0,2,1,8926,4,0,22,4,4,1,13,2,4,9,7,3,7,0.12,0.11,0.7,1.0,0.9,0.0756,2,107112,189.91489361702128,0.6428571428571429,0.7,0.7,0.3,3.3333333333333335,14,12,0.14285714285714285,2.25,1.8,0,0,0,4.460769615192404,0
31,0,1,10,3,3,3,0,3,3,5,3,1,11031,4,0,20,4,3,1,13,2,4,11,7,4,8,0.12,0.1,0.7,0.9,0.9,0.06804,1,132372,344.71875,0.7857142857142857,0.5833333333333334,0.6666666666666666,0.3333333333333333,3.0,13,12,0.21428571428571427,2.2,2.2,0,1,0,3.675774741752749,0
27,2,1,8,3,3,2,0,4,1,6,3,1,3517,7,0,17,3,1,0,5,0,3,3,2,0,2,0.12,0.12,0.7,1.0,0.9,0.0756,0,42204,125.60714285714286,0.5,0.5,0.5,0.0,2.0,9,12,0.16666666666666666,3.0,0.375,0,0,0,3.5134865134865136,0
51,1,2,2,3,2,2,1,3,3,7,2,1,10596,2,0,11,3,2,0,14,5,3,4,2,3,2,0.125,0.125,0.7,1.2,0.9,0.0945,3,127152,203.76923076923077,0.26666666666666666,0.4,0.4,0.6,2.0,9,9,0.2,1.0,1.3333333333333333,0,0,0,3.53082305898034,0
29,2,1,15,2,1,4,0,2,2,2,3,2,4193,0,1,12,3,4,0,10,3,3,9,5,0,8,0.12,0.12,1.3,1.0,1.2,0.1872,0,50316,139.76666666666668,0.8181818181818182,0.5,0.8,0.0,3.6666666666666665,14,6,0.18181818181818182,9.0,9.0,0,0,0,2.0954522738630685,15
42,1,1,2,1,3,2,1,3,1,6,4,2,2515,5,1,14,3,4,0,8,2,3,2,1,2,2,0.12,0.12,1.3,1.2,1.2,0.22464,2,30180,58.48837209302326,0.2222222222222222,0.3333333333333333,0.6666666666666666,0.6666666666666666,3.3333333333333335,13,9,0.1111111111111111,0.6666666666666666,0.3333333333333333,1,0,0,2.5124875124875126,2
40,1,1,26,3,3,2,0,3,2,6,2,0,5605,1,0,11,3,1,1,20,2,3,20,7,2,13,0.12,0.12,0.7,1.2,1.0,0.1007999999999999,1,67260,136.70731707317074,0.9523809523809523,0.3333333333333333,0.6190476190476191,0.09523809523809523,1.6666666666666667,8,9,0.09523809523809523,6.666666666666667,10.0,0,1,0,2.8010994502748625,0
39,2,1,6,1,3,4,1,2,3,0,1,1,9991,4,0,15,3,1,1,9,5,3,7,7,1,7,0.12,0.11,0.7,1.0,0.9,0.0756,1,119892,249.775,0.7,0.875,0.875,0.125,2.0,9,6,0.3,3.5,1.4,0,0,0,3.3292235921359548,0
35,2,2,8,4,1,1,0,3,1,8,4,1,2572,1,0,16,3,2,1,3,1,2,3,2,0,2,0.125,0.125,0.7,1.0,0.9,0.07875,1,30864,71.44444444444444,0.75,0.5,0.5,0.0,2.3333333333333335,9,9,0.25,3.0,1.5,0,0,0,2.5694305694305695,0
34,1,1,10,4,1,3,1,4,2,4,4,0,4724,1,0,13,3,1,1,9,3,3,9,7,7,2,0.12,0.1,0.7,1.2,1.0,0.1007999999999999,1,56688,134.97142857142856,0.9,0.7,0.2,0.7,2.6666666666666665,11,12,0.2,1.125,4.5,0,0,1,2.3608195902048976,0
31,2,2,6,4,1,2,1,1,2,7,3,1,6172,4,1,18,3,2,0,12,3,2,7,7,7,7,0.125,0.125,1.3,1.0,0.9,0.14625,1,74064,192.875,0.5384615384615384,0.875,0.875,0.875,2.3333333333333335,9,3,0.15384615384615385,0.875,1.4,0,0,1,3.084457771114443,6
33,2,1,2,2,1,1,0,3,1,2,1,1,2707,7,0,20,4,1,0,13,3,4,9,7,1,7,0.12,0.12,0.7,1.0,0.9,0.0756,1,32484,79.61764705882354,0.6428571428571429,0.7,0.7,0.1,1.0,7,12,0.07142857142857142,4.5,1.125,0,0,0,2.704295704295704,0
21,2,1,5,1,3,3,1,3,1,6,4,2,3117,1,0,18,3,3,0,3,2,3,2,2,2,2,0.12,0.12,0.7,1.0,1.2,0.1007999999999999,0,37404,141.6818181818182,0.5,0.6666666666666666,0.6666666666666666,0.6666666666666666,3.3333333333333335,13,9,0.25,0.6666666666666666,1.0,1,0,0,3.113886113886114,0
35,2,1,22,3,1,4,1,1,1,2,3,2,4230,0,0,15,3,3,0,6,2,3,5,4,4,3,0.12,0.12,0.7,1.0,1.2,0.1007999999999999,1,50760,117.5,0.7142857142857143,0.6666666666666666,0.5,0.6666666666666666,3.3333333333333335,13,3,0.14285714285714285,1.0,5.0,0,0,0,4.2257742257742255,0
47,2,1,2,4,3,1,0,3,4,5,3,1,17169,3,0,19,3,2,2,26,2,4,20,17,5,6,0.12,0.1,0.7,1.0,0.9,0.0756,2,206028,357.6875,0.7407407407407407,0.8095238095238095,0.2857142857142857,0.23809523809523808,2.0,10,9,0.14814814814814814,3.3333333333333335,5.0,0,1,1,4.291177205698576,0
18,2,2,10,3,3,4,0,2,1,8,3,2,1200,1,0,12,3,1,0,0,2,3,0,0,0,0,0.125,0.125,0.7,1.0,1.2,0.105,0,14400,63.1578947368421,0.0,0.0,0.0,0.0,2.6666666666666665,11,6,1.0,0.0,0.0,1,0,0,1.1988011988011988,0
44,2,1,8,4,1,1,1,4,1,2,4,1,2818,2,1,24,4,3,1,10,2,2,3,2,0,2,0.12,0.12,1.3,1.0,0.9,0.1404,2,33816,62.62222222222222,0.2727272727272727,0.5,0.5,0.0,2.6666666666666665,10,16,0.09090909090909091,3.0,1.0,0,0,0,2.815184815184815,8
51,2,1,2,3,3,4,1,1,2,4,2,0,5482,5,0,18,3,4,1,13,3,3,4,1,1,2,0.12,0.1,0.7,1.0,1.0,0.0839999999999999,3,65784,105.42307692307692,0.2857142857142857,0.2,0.4,0.2,3.3333333333333335,13,3,0.14285714285714285,2.0,0.6666666666666666,0,0,0,2.739630184907546,0
29,1,2,2,2,1,2,1,3,2,7,4,2,4554,1,0,18,3,1,0,10,3,2,10,7,0,9,0.125,0.125,0.7,1.2,1.2,0.126,0,54648,151.8,0.9090909090909091,0.6363636363636364,0.8181818181818182,0.0,2.3333333333333335,9,9,0.18181818181818182,10.0,5.0,0,1,0,2.2758620689655173,0
31,2,2,2,1,1,2,1,3,2,7,4,2,6582,4,1,13,3,3,0,10,2,4,6,5,0,5,0.125,0.125,1.3,1.0,1.2,0.195,1,78984,205.6875,0.5454545454545454,0.7142857142857143,0.7142857142857143,0.0,3.0,13,9,0.18181818181818182,6.0,1.2,0,0,0,3.2893553223388308,2
42,2,1,2,2,3,4,1,3,4,3,1,1,17665,0,0,17,3,4,1,23,3,3,22,6,13,7,0.12,0.09,0.7,1.0,0.9,0.0756,2,211980,410.8139534883721,0.9166666666666666,0.2608695652173913,0.30434782608695654,0.5652173913043478,3.0,12,9,0.16666666666666666,1.5714285714285714,22.0,0,1,1,4.415146213446638,0
50,1,2,12,3,2,3,0,3,3,7,4,2,9208,4,0,11,3,4,0,16,3,3,2,2,2,1,0.125,0.125,0.7,1.2,1.2,0.126,2,110496,180.54901960784315,0.11764705882352941,0.6666666666666666,0.3333333333333333,0.6666666666666666,3.6666666666666665,14,9,0.17647058823529413,0.6666666666666666,0.4,1,0,0,3.068310563145618,0
26,2,2,10,3,3,3,1,3,2,7,4,2,4684,1,0,13,3,1,0,5,4,3,5,3,1,2,0.125,0.125,0.7,1.0,1.2,0.105,0,56208,173.4814814814815,0.8333333333333334,0.5,0.3333333333333333,0.16666666666666666,2.6666666666666665,11,9,0.3333333333333333,2.5,2.5,0,0,0,2.340829585207396,0
36,2,0,13,3,0,3,1,3,1,1,2,1,2143,4,0,13,3,2,1,8,2,3,5,2,0,4,0.073,0.073,0.7,1.0,0.9,0.0459899999999999,1,25716,57.91891891891892,0.5555555555555556,0.3333333333333333,0.6666666666666666,0.0,2.3333333333333335,10,9,0.1111111111111111,5.0,1.0,0,0,0,2.1408591408591406,0
56,2,1,24,2,1,1,1,3,1,2,4,2,2587,1,0,16,3,4,0,5,3,3,4,2,1,0,0.12,0.12,0.7,1.0,1.2,0.1007999999999999,3,31044,45.3859649122807,0.6666666666666666,0.4,0.0,0.2,3.0,12,9,0.16666666666666666,2.0,2.0,0,0,0,2.5844155844155843,0
56,2,1,9,3,3,3,1,3,4,0,4,1,11103,7,0,11,3,3,0,30,1,2,10,7,1,1,0.12,0.11,0.7,1.0,0.9,0.0756,3,133236,194.78947368421052,0.3225806451612903,0.6363636363636364,0.09090909090909091,0.09090909090909091,3.3333333333333335,12,9,0.12903225806451613,5.0,1.25,0,1,0,2.775056235941015,0
34,2,2,2,3,4,4,1,3,2,7,4,2,6274,1,0,22,4,3,0,6,5,3,6,5,1,4,0.125,0.125,0.7,1.0,1.2,0.105,1,75288,179.25714285714287,0.8571428571428571,0.7142857142857143,0.5714285714285714,0.14285714285714285,3.6666666666666665,14,12,0.2857142857142857,3.0,3.0,0,0,0,3.135432283858071,0
22,1,1,3,4,1,3,1,2,1,6,4,1,2853,0,1,11,3,2,1,1,5,3,0,0,0,0,0.12,0.12,1.3,1.2,0.9,0.16848,0,34236,124.04347826086956,0.0,0.0,0.0,0.0,3.0,12,6,0.5,0.0,0.0,1,0,0,2.85014985014985,3
46,2,1,8,4,1,4,0,2,2,6,1,0,4615,8,1,23,4,1,3,19,2,3,16,13,1,7,0.12,0.12,1.3,1.0,1.0,0.156,2,55380,98.19148936170212,0.8,0.7647058823529411,0.4117647058823529,0.058823529411764705,2.0,9,8,0.1,8.0,1.7777777777777777,0,1,0,2.3063468265867066,8
32,2,1,25,4,1,1,1,3,1,2,4,2,2795,1,1,24,4,3,0,1,2,1,1,0,0,1,0.12,0.12,1.3,1.0,1.2,0.1872,1,33540,84.6969696969697,0.5,0.0,0.5,0.0,2.6666666666666665,9,12,0.5,1.0,0.5,1,0,0,2.792207792207792,25
35,2,0,8,4,5,3,1,3,1,1,3,2,4323,1,0,17,3,2,0,6,2,1,5,4,1,4,0.073,0.073,0.7,1.0,1.2,0.0613199999999999,1,51876,120.08333333333333,0.7142857142857143,0.6666666666666666,0.6666666666666666,0.16666666666666666,2.6666666666666665,9,9,0.14285714285714285,2.5,2.5,0,0,0,4.318681318681318,0
32,2,1,1,3,3,1,1,3,2,4,4,1,6162,1,1,22,4,2,1,9,3,3,9,8,7,8,0.12,0.1,1.3,1.0,0.9,0.1404,1,73944,186.72727272727272,0.9,0.8,0.8,0.7,2.3333333333333335,10,12,0.2,1.125,4.5,0,0,1,3.0794602698650673,1
33,2,1,15,2,3,2,0,3,2,0,4,1,4878,0,1,13,3,1,1,10,6,3,9,7,8,1,0.12,0.11,1.3,1.0,0.9,0.1404,1,58536,143.47058823529412,0.8181818181818182,0.7,0.1,0.8,2.3333333333333335,10,9,0.18181818181818182,1.0,9.0,0,0,1,2.4377811094452775,15
33,2,1,4,4,3,1,0,2,1,2,2,1,3838,8,0,11,3,4,0,8,5,3,5,4,0,2,0.12,0.12,0.7,1.0,0.9,0.0756,1,46056,112.88235294117646,0.5555555555555556,0.6666666666666666,0.3333333333333333,0.0,2.3333333333333335,10,6,0.1111111111111111,5.0,0.5555555555555556,0,0,0,3.8341658341658342,0
45,1,1,7,3,1,1,1,3,3,2,1,0,5210,1,0,18,3,1,1,24,2,3,24,9,9,11,0.12,0.12,0.7,1.2,1.0,0.1007999999999999,2,62520,113.26086956521739,0.96,0.36,0.44,0.36,1.0,6,9,0.12,2.4,12.0,0,1,1,1.7360879706764412,0
35,2,2,1,3,2,2,1,3,2,7,3,1,4717,9,0,11,3,3,0,15,2,3,11,9,6,9,0.125,0.125,0.7,1.0,0.9,0.07875,1,56604,131.02777777777777,0.6875,0.75,0.75,0.5,2.6666666666666665,11,9,0.125,1.5714285714285714,1.1,0,1,1,2.3573213393303347,0
26,2,2,29,2,3,1,1,3,2,7,3,0,4306,5,0,12,3,1,2,8,5,3,0,0,0,0,0.125,0.125,0.7,1.0,1.0,0.0875,0,51672,159.4814814814815,0.0,0.0,0.0,0.0,1.6666666666666667,8,9,0.2222222222222222,0.0,0.0,1,0,0,2.1519240379810096,0
39,2,1,3,2,3,3,1,2,2,2,3,0,3069,0,0,15,3,4,1,11,3,3,10,8,0,7,0.12,0.12,0.7,1.0,1.0,0.0839999999999999,1,36828,76.725,0.8333333333333334,0.7272727272727273,0.6363636363636364,0.0,3.3333333333333335,13,6,0.16666666666666666,10.0,10.0,0,1,0,1.5337331334332833,0
38,2,1,1,3,1,3,0,3,3,4,3,2,7861,4,1,14,3,4,0,10,4,4,1,0,0,0,0.12,0.1,1.3,1.0,1.2,0.1872,1,94332,201.56410256410257,0.09090909090909091,0.0,0.0,0.0,3.3333333333333335,14,9,0.2727272727272727,1.0,0.2,1,0,0,2.61946017994002,1
31,1,1,29,2,3,3,1,2,1,2,2,2,3479,0,0,11,3,2,0,6,2,4,5,4,1,4,0.12,0.12,0.7,1.2,1.2,0.1209599999999999,1,41748,108.71875,0.7142857142857143,0.6666666666666666,0.6666666666666666,0.16666666666666666,2.3333333333333335,11,6,0.14285714285714285,2.5,5.0,0,0,0,3.4755244755244754,0
22,2,1,6,1,3,1,1,3,1,6,3,1,2773,0,0,20,4,4,0,3,3,3,2,2,2,2,0.12,0.12,0.7,1.0,0.9,0.0756,0,33276,120.56521739130434,0.5,0.6666666666666666,0.6666666666666666,0.6666666666666666,2.6666666666666665,11,12,0.25,0.6666666666666666,2.0,1,0,0,2.7702297702297702,0
29,2,1,28,4,3,4,0,2,1,6,1,2,3785,1,0,14,3,2,0,5,3,1,5,4,0,4,0.12,0.12,0.7,1.0,1.2,0.1007999999999999,0,45420,126.16666666666667,0.8333333333333334,0.6666666666666666,0.6666666666666666,0.0,2.3333333333333335,8,6,0.16666666666666666,5.0,2.5,0,0,0,3.781218781218781,0
22,2,1,7,1,1,4,1,3,1,6,2,2,2472,1,1,23,4,1,0,1,2,3,1,0,0,0,0.12,0.12,1.3,1.0,1.2,0.1872,0,29664,107.47826086956522,0.5,0.0,0.0,0.0,2.3333333333333335,10,12,0.5,1.0,0.5,1,0,0,2.4695304695304694,7
27,2,1,5,3,1,3,0,3,1,6,2,2,2478,1,1,12,3,2,0,4,2,2,4,3,1,2,0.12,0.12,1.3,1.0,1.2,0.1872,0,29736,88.5,0.8,0.6,0.4,0.2,2.3333333333333335,9,9,0.2,2.0,2.0,0,0,0,2.4755244755244754,5
47,2,2,14,3,3,3,0,3,2,7,3,1,4591,3,1,17,3,3,1,11,4,2,5,4,1,2,0.125,0.125,1.3,1.0,0.9,0.14625,2,55092,95.64583333333333,0.4166666666666667,0.6666666666666666,0.3333333333333333,0.16666666666666666,3.0,11,9,0.16666666666666666,2.5,1.25,0,0,0,2.294352823588206,14
28,2,1,24,3,3,3,1,3,1,2,2,1,2408,1,1,17,3,3,3,1,3,3,1,1,0,0,0.12,0.12,1.3,1.0,0.9,0.1404,0,28896,83.03448275862068,0.5,0.5,0.0,0.0,2.6666666666666665,11,9,0.5,1.0,0.5,1,0,0,2.4055944055944054,24
42,2,2,5,2,2,4,1,3,5,3,3,1,18303,6,0,13,3,2,0,21,3,4,1,0,0,0,0.125,0.09,0.7,1.0,0.9,0.07875,2,219636,425.6511627906977,0.045454545454545456,0.0,0.0,0.0,3.0,13,9,0.22727272727272727,1.0,0.14285714285714285,1,0,0,3.659868026394721,0
41,2,1,7,2,3,4,0,3,2,4,3,2,5003,6,0,14,3,2,0,8,6,3,2,2,2,1,0.12,0.1,0.7,1.0,1.2,0.1007999999999999,2,60036,119.11904761904762,0.2222222222222222,0.6666666666666666,0.3333333333333333,0.6666666666666666,3.0,12,9,0.2222222222222222,0.6666666666666666,0.2857142857142857,1,0,0,2.500249875062469,0
26,1,1,1,2,1,1,0,1,1,2,4,0,4364,3,0,14,3,1,1,5,2,3,2,2,2,0,0.12,0.12,0.7,1.2,1.0,0.1007999999999999,0,52368,161.62962962962962,0.3333333333333333,0.6666666666666666,0.0,0.6666666666666666,2.0,9,3,0.16666666666666666,0.6666666666666666,0.5,1,0,0,4.35964035964036,0
35,1,2,12,4,4,4,1,3,2,7,4,2,4581,3,1,24,4,1,0,13,2,4,11,9,6,7,0.125,0.125,1.3,1.2,1.2,0.2339999999999999,1,54972,127.25,0.7857142857142857,0.75,0.5833333333333334,0.5,3.0,13,12,0.14285714285714285,1.5714285714285714,2.75,0,1,1,2.2893553223388308,12
53,2,2,24,4,1,1,1,3,3,7,1,2,10448,6,1,13,3,2,0,15,2,2,2,2,2,2,0.125,0.125,1.3,1.0,1.2,0.195,3,125376,193.4814814814815,0.125,0.6666666666666666,0.6666666666666666,0.6666666666666666,1.3333333333333333,6,9,0.1875,0.6666666666666666,0.2857142857142857,1,0,0,3.481506164611796,24
29,2,0,17,3,4,2,1,2,3,1,1,2,7988,1,0,13,3,1,0,10,3,2,10,9,0,9,0.073,0.073,0.7,1.0,1.2,0.0613199999999999,0,95856,266.26666666666665,0.9090909090909091,0.8181818181818182,0.8181818181818182,0.0,1.3333333333333333,6,6,0.2727272727272727,10.0,5.0,0,1,0,2.6617794068643787,0
42,2,2,14,2,3,3,0,2,2,7,3,2,6244,7,0,17,3,1,0,10,6,3,5,4,0,3,0.125,0.125,0.7,1.0,1.2,0.105,2,74928,145.2093023255814,0.45454545454545453,0.6666666666666666,0.5,0.0,2.3333333333333335,10,6,0.18181818181818182,5.0,0.625,0,0,0,3.120439780109945,0
37,1,2,1,4,3,3,1,1,2,7,4,0,9525,1,0,14,3,3,2,6,2,2,6,3,1,3,0.125,0.125,0.7,1.2,1.0,0.105,1,114300,250.6578947368421,0.8571428571428571,0.42857142857142855,0.42857142857142855,0.14285714285714285,3.3333333333333335,12,3,0.2857142857142857,3.0,3.0,0,0,0,4.760119940029985,0
30,0,2,22,4,4,3,0,3,3,7,1,1,8412,0,0,11,3,3,0,10,3,3,9,8,7,8,0.125,0.125,0.7,0.9,0.9,0.070875,0,100944,271.35483870967744,0.8181818181818182,0.8,0.8,0.7,2.3333333333333335,10,9,0.2727272727272727,1.125,9.0,0,0,1,2.8030656447850717,0
24,0,1,11,2,4,1,0,4,2,4,3,0,4011,0,0,18,3,4,1,5,5,2,4,2,1,3,0.12,0.1,0.7,0.9,1.0,0.0756,0,48132,160.44,0.6666666666666666,0.4,0.6,0.2,2.6666666666666665,10,12,0.3333333333333333,2.0,4.0,0,0,0,2.004497751124438,0
31,2,2,20,3,1,2,0,1,2,7,3,1,4559,3,1,11,3,3,1,4,2,3,2,2,2,2,0.125,0.125,1.3,1.0,0.9,0.14625,1,54708,142.46875,0.4,0.6666666666666666,0.6666666666666666,0.6666666666666666,2.6666666666666665,11,3,0.4,0.6666666666666666,0.5,1,0,0,2.2783608195902048,20
41,2,2,3,3,1,3,1,2,2,7,2,0,8938,2,0,11,3,3,1,14,5,3,5,4,0,4,0.125,0.125,0.7,1.0,1.0,0.0875,2,107256,212.8095238095238,0.3333333333333333,0.6666666666666666,0.6666666666666666,0.0,2.6666666666666665,11,6,0.13333333333333333,5.0,1.6666666666666667,0,0,0,4.466766616691654,0
34,1,2,2,4,2,3,0,3,1,8,3,1,2231,6,0,18,3,4,1,6,3,3,4,3,1,2,0.125,0.125,0.7,1.2,0.9,0.0945,1,26772,63.74285714285714,0.5714285714285714,0.6,0.4,0.2,3.3333333333333335,13,9,0.14285714285714285,2.0,0.5714285714285714,0,0,0,2.2287712287712287,0
32,2,1,2,3,3,4,1,3,2,6,2,0,5470,0,0,13,3,3,2,10,4,2,9,5,1,6,0.12,0.12,0.7,1.0,1.0,0.0839999999999999,1,65640,165.75757575757575,0.8181818181818182,0.5,0.6,0.1,3.0,11,9,0.18181818181818182,4.5,9.0,0,0,0,2.733633183408296,0
24,2,2,4,1,3,4,0,3,2,7,3,1,4162,1,1,12,3,3,2,5,3,3,5,4,0,3,0.125,0.125,1.3,1.0,0.9,0.14625,0,49944,166.48,0.8333333333333334,0.6666666666666666,0.5,0.0,3.3333333333333335,13,9,0.3333333333333333,5.0,2.5,0,0,0,2.079960019990005,4
40,2,1,20,4,5,1,1,3,3,0,4,1,10322,4,0,20,4,4,1,14,6,3,11,10,11,1,0.12,0.11,0.7,1.0,0.9,0.0756,1,123864,251.7560975609756,0.7333333333333333,0.8333333333333334,0.08333333333333333,0.9166666666666666,3.0,12,12,0.2,0.9166666666666666,2.2,0,1,1,3.4395201599466843,0
56,1,2,6,3,1,3,0,4,4,7,1,1,13212,9,0,11,3,4,3,36,0,2,7,7,7,7,0.125,0.125,0.7,1.2,0.9,0.0945,3,158544,231.78947368421052,0.1891891891891892,0.875,0.875,0.875,2.6666666666666665,10,12,0.10810810810810811,0.875,0.7,0,0,1,3.3021744563859037,0
36,1,2,7,3,2,1,0,4,2,7,1,1,4639,2,0,16,3,4,1,17,2,2,15,7,6,13,0.125,0.125,0.7,1.2,0.9,0.0945,1,55668,125.37837837837837,0.8333333333333334,0.4375,0.8125,0.375,2.0,8,12,0.1111111111111111,2.142857142857143,5.0,0,1,1,2.3183408295852073,0
30,2,1,16,3,1,3,1,4,2,0,3,1,5294,3,0,16,3,3,1,10,3,3,7,0,1,7,0.12,0.11,0.7,1.0,0.9,0.0756,0,63528,170.7741935483871,0.6363636363636364,0.0,0.875,0.125,3.0,12,12,0.18181818181818182,3.5,1.75,0,0,0,2.6456771614192904,0
21,1,1,10,2,1,1,0,2,1,2,3,2,2625,1,0,20,4,3,0,2,2,1,2,2,2,2,0.12,0.12,0.7,1.2,1.2,0.1209599999999999,0,31500,119.31818181818181,0.6666666666666666,0.6666666666666666,0.6666666666666666,0.6666666666666666,2.3333333333333335,8,8,0.3333333333333333,0.6666666666666666,1.0,1,0,0,2.6223776223776225,0
33,1,2,7,3,1,4,0,3,2,7,2,1,4302,0,0,17,3,3,1,4,3,3,3,2,0,2,0.125,0.125,0.7,1.2,0.9,0.0945,1,51624,126.52941176470588,0.6,0.5,0.5,0.0,3.0,12,9,0.4,3.0,3.0,0,0,0,2.1499250374812595,0
48,2,2,2,5,2,2,0,3,2,7,4,1,4051,2,0,14,3,1,1,14,2,3,9,7,6,7,0.125,0.125,0.7,1.0,0.9,0.07875,2,48612,82.6734693877551,0.6,0.7,0.7,0.6,2.3333333333333335,10,9,0.13333333333333333,1.2857142857142858,3.0,0,0,1,2.024487756121939,0
36,2,1,15,3,4,1,1,3,2,2,3,0,4834,7,0,14,3,2,1,9,3,2,1,0,0,0,0.12,0.12,0.7,1.0,1.0,0.0839999999999999,1,58008,130.64864864864865,0.1,0.0,0.0,0.0,2.0,8,9,0.2,1.0,0.125,1,0,0,2.415792103948026,0
29,0,2,2,3,1,4,1,3,2,7,3,1,4649,1,0,14,3,1,1,4,3,2,4,3,0,2,0.125,0.125,0.7,0.9,0.9,0.070875,0,55788,154.96666666666667,0.8,0.6,0.4,0.0,2.6666666666666665,10,9,0.4,4.0,2.0,0,0,0,2.3233383308345825,0
31,0,2,2,4,1,4,0,3,3,7,3,0,9852,1,1,19,3,1,1,10,5,2,10,8,9,6,0.125,0.125,1.3,0.9,1.0,0.14625,1,118224,307.875,0.9090909090909091,0.7272727272727273,0.5454545454545454,0.8181818181818182,2.6666666666666665,10,9,0.2727272727272727,1.0,5.0,0,1,1,3.2829056981006333,2
48,2,2,29,1,3,1,0,3,3,3,3,1,12504,3,0,21,4,2,1,15,3,1,0,0,0,0,0.125,0.09,0.7,1.0,0.9,0.07875,2,150048,255.18367346938774,0.0,0.0,0.0,0.0,2.0,7,12,0.1875,0.0,0.0,1,0,0,4.166611129623459,0
32,0,2,11,4,4,4,1,4,2,7,3,1,4707,8,0,12,3,4,0,6,2,3,4,2,1,2,0.125,0.125,0.7,0.9,0.9,0.070875,1,56484,142.63636363636363,0.5714285714285714,0.4,0.4,0.2,3.6666666666666665,14,12,0.2857142857142857,2.0,0.4444444444444444,0,0,0,2.3523238380809595,0
23,1,2,9,3,2,4,1,3,1,8,1,1,1790,1,0,19,3,1,1,1,3,2,1,0,1,0,0.125,0.125,0.7,1.2,0.9,0.0945,0,21480,74.58333333333333,0.5,0.0,0.0,0.5,2.0,8,9,0.5,0.5,0.5,1,0,0,1.7882117882117883,0
32,2,2,6,4,3,2,1,3,2,7,3,2,5010,1,0,16,3,1,0,12,0,3,11,8,5,7,0.125,0.125,0.7,1.0,1.2,0.105,1,60120,151.8181818181818,0.8461538461538461,0.6666666666666666,0.5833333333333334,0.4166666666666667,2.0,9,9,0.15384615384615385,1.8333333333333333,5.5,0,1,1,2.5037481259370313,0
28,2,1,1,3,1,1,1,2,1,6,3,0,1563,1,0,14,3,4,1,1,2,1,1,0,0,0,0.12,0.12,0.7,1.0,1.0,0.0839999999999999,0,18756,53.89655172413793,0.5,0.0,0.0,0.0,2.6666666666666665,9,6,0.5,1.0,0.5,1,0,0,1.5614385614385615,0
37,2,1,4,1,1,3,1,3,1,6,3,1,2996,7,1,15,3,4,0,8,2,3,6,4,1,3,0.12,0.12,1.3,1.0,0.9,0.1404,1,35952,78.84210526315789,0.6666666666666666,0.5714285714285714,0.42857142857142855,0.14285714285714285,3.3333333333333335,13,9,0.1111111111111111,3.0,0.75,0,0,0,2.993006993006993,4
47,2,1,1,3,5,1,1,3,1,6,4,1,3420,7,0,12,3,3,1,17,2,2,6,5,1,2,0.12,0.12,0.7,1.0,0.9,0.0756,2,41040,71.25,0.3333333333333333,0.7142857142857143,0.2857142857142857,0.14285714285714285,2.6666666666666665,10,9,0.05555555555555555,3.0,0.75,0,0,0,3.416583416583417,0
19,2,1,3,1,3,2,0,3,1,2,2,2,1483,1,0,14,3,4,0,1,3,3,1,0,0,0,0.12,0.12,0.7,1.0,1.2,0.1007999999999999,0,17796,74.15,0.5,0.0,0.0,0.0,2.6666666666666665,11,9,0.5,1.0,0.5,1,0,0,1.4815184815184814,0
35,2,1,22,3,1,2,0,4,3,3,2,0,11996,7,0,18,3,2,1,10,6,2,7,7,6,2,0.12,0.09,0.7,1.0,1.0,0.0839999999999999,1,143952,333.22222222222223,0.6363636363636364,0.875,0.25,0.75,2.0,8,12,0.2727272727272727,1.0,0.875,0,0,1,3.9973342219260246,0
31,1,1,2,3,1,2,1,3,1,2,4,1,3722,6,1,13,3,3,1,7,2,1,2,2,2,2,0.12,0.12,1.3,1.2,0.9,0.16848,1,44664,116.3125,0.25,0.6666666666666666,0.6666666666666666,0.6666666666666666,3.0,10,9,0.125,0.6666666666666666,0.2857142857142857,1,0,0,3.7182817182817183,2
37,2,1,7,4,3,1,1,3,3,5,3,2,13664,4,0,13,3,1,0,16,3,4,5,2,0,2,0.12,0.1,0.7,1.0,1.2,0.1007999999999999,1,163968,359.57894736842104,0.29411764705882354,0.3333333333333333,0.3333333333333333,0.0,1.6666666666666667,9,9,0.17647058823529413,5.0,1.0,0,0,0,4.553148950349883,0
37,2,0,8,2,4,3,1,3,2,1,2,0,4071,2,0,13,3,3,0,19,4,2,10,0,4,7,0.073,0.073,0.7,1.0,1.0,0.0510999999999999,1,48852,107.13157894736842,0.5,0.0,0.6363636363636364,0.36363636363636365,2.6666666666666665,10,9,0.1,2.0,3.3333333333333335,0,1,0,2.0344827586206895,0
47,0,1,29,4,1,1,1,3,3,3,2,1,11849,1,1,12,3,4,1,10,2,2,10,7,9,9,0.12,0.09,1.3,0.9,0.9,0.12636,2,142188,246.85416666666666,0.9090909090909091,0.6363636363636364,0.8181818181818182,0.8181818181818182,2.3333333333333335,9,9,0.2727272727272727,1.0,5.0,0,1,1,3.9483505498167277,29
22,2,1,19,1,3,3,1,3,1,6,4,1,2323,1,0,24,4,1,2,2,6,3,2,2,2,2,0.12,0.12,0.7,1.0,0.9,0.0756,0,27876,101.0,0.6666666666666666,0.6666666666666666,0.6666666666666666,0.6666666666666666,2.6666666666666665,11,12,0.3333333333333333,0.6666666666666666,1.0,1,0,0,2.3206793206793206,0
59,2,1,3,3,3,3,0,4,1,2,1,1,2670,4,1,20,4,1,3,12,3,2,1,0,0,0,0.12,0.12,1.3,1.0,0.9,0.1404,3,32040,44.5,0.07692307692307693,0.0,0.0,0.0,1.6666666666666667,7,16,0.07692307692307693,1.0,0.2,1,0,0,2.6673326673326674,3
35,2,2,1,5,2,3,1,3,3,7,2,1,7295,1,0,13,3,1,2,10,3,3,10,8,0,6,0.125,0.125,0.7,1.0,0.9,0.07875,1,87540,202.63888888888889,0.9090909090909091,0.7272727272727273,0.5454545454545454,0.0,2.0,9,9,0.2727272727272727,10.0,5.0,0,1,0,2.4308563812062647,0
46,2,2,3,1,2,1,1,3,4,3,3,1,17465,3,0,12,3,4,1,23,3,3,12,9,4,9,0.125,0.09,0.7,1.0,0.9,0.07875,2,209580,371.59574468085106,0.5,0.6923076923076923,0.6923076923076923,0.3076923076923077,2.6666666666666665,11,9,0.16666666666666666,2.4,3.0,0,1,0,4.36515871032242,0
37,2,1,6,3,3,3,1,4,2,6,1,0,5974,4,1,13,3,1,2,13,2,3,7,7,6,7,0.12,0.12,1.3,1.0,1.0,0.156,1,71688,157.21052631578948,0.5,0.875,0.875,0.75,1.6666666666666667,8,12,0.14285714285714285,1.0,1.4,0,0,1,2.9855072463768115,6
32,2,1,8,2,3,3,0,4,2,6,3,1,5175,5,0,12,3,3,1,9,3,2,5,3,1,3,0.12,0.12,0.7,1.0,0.9,0.0756,1,62100,156.8181818181818,0.5,0.5,0.5,0.16666666666666666,3.0,11,12,0.2,2.5,0.8333333333333334,0,0,0,2.586206896551724,0
34,2,1,2,4,5,3,0,3,2,0,4,2,6687,1,0,11,3,4,0,14,2,4,14,11,4,11,0.12,0.11,0.7,1.0,1.2,0.1007999999999999,1,80244,191.05714285714285,0.9333333333333333,0.7333333333333333,0.7333333333333333,0.26666666666666666,3.6666666666666665,15,9,0.13333333333333333,2.8,7.0,0,1,0,3.341829085457271,0
41,2,1,5,5,3,2,1,4,1,6,3,1,2127,2,1,12,3,1,0,7,5,2,4,2,0,3,0.12,0.12,1.3,1.0,0.9,0.1404,2,25524,50.642857142857146,0.5,0.4,0.6,0.0,2.0,8,12,0.125,4.0,1.3333333333333333,0,0,0,2.1248751248751248,5
32,1,1,10,3,1,1,1,3,1,6,3,1,3433,6,0,13,3,1,1,10,3,2,5,2,1,3,0.12,0.12,0.7,1.2,0.9,0.09072,1,41196,104.03030303030303,0.45454545454545453,0.3333333333333333,0.5,0.16666666666666666,1.6666666666666667,7,9,0.09090909090909091,2.5,0.7142857142857143,0,0,0,3.4295704295704295,0
38,0,2,2,2,1,4,1,2,2,7,4,1,5249,3,0,18,3,4,1,13,0,3,8,7,7,5,0.125,0.125,0.7,0.9,0.9,0.070875,1,62988,134.5897435897436,0.5714285714285714,0.7777777777777778,0.5555555555555556,0.7777777777777778,4.0,15,6,0.14285714285714285,1.0,2.0,0,0,1,2.6231884057971016,0
32,2,1,3,4,3,3,0,3,2,4,1,1,6725,1,0,12,3,3,1,8,2,4,8,7,6,3,0.12,0.1,0.7,1.0,0.9,0.0756,1,80700,203.78787878787878,0.8888888888888888,0.7777777777777778,0.3333333333333333,0.6666666666666666,2.3333333333333335,11,9,0.2222222222222222,1.1428571428571428,4.0,0,0,1,3.3608195902048976,0
46,2,1,18,3,3,3,0,3,2,4,3,0,4810,2,0,14,3,3,1,19,5,2,10,7,0,8,0.12,0.1,0.7,1.0,1.0,0.0839999999999999,2,57720,102.34042553191489,0.5,0.6363636363636364,0.7272727272727273,0.0,3.0,11,9,0.1,10.0,3.3333333333333335,0,1,0,2.4037981009495253,0
28,2,1,1,2,1,1,0,1,1,6,2,2,2216,7,1,13,3,4,0,10,4,3,7,7,3,7,0.12,0.12,1.3,1.0,1.2,0.1872,0,26592,76.41379310344827,0.6363636363636364,0.875,0.875,0.375,2.3333333333333335,10,3,0.09090909090909091,1.75,0.875,0,0,0,2.213786213786214,1
51,2,1,9,4,1,4,1,3,1,2,4,1,2075,3,0,23,4,2,2,10,4,3,4,2,0,3,0.12,0.12,0.7,1.0,0.9,0.0756,3,24900,39.90384615384615,0.36363636363636365,0.4,0.6,0.0,3.3333333333333335,13,12,0.09090909090909091,4.0,1.0,0,0,0,2.072927072927073,0
28,1,1,6,3,1,3,1,2,1,6,3,0,2703,1,1,14,3,4,1,3,2,3,3,1,0,2,0.12,0.12,1.3,1.2,1.0,0.1872,0,32436,93.20689655172414,0.75,0.25,0.5,0.0,3.3333333333333335,13,6,0.25,3.0,1.5,0,0,0,2.7002997002997002,6
45,2,1,9,3,1,2,1,3,2,2,2,0,2348,8,0,18,3,3,1,20,2,1,17,9,0,15,0.12,0.12,0.7,1.0,1.0,0.0839999999999999,2,28176,51.04347826086956,0.8095238095238095,0.5,0.8333333333333334,0.0,2.3333333333333335,8,9,0.09523809523809523,17.0,1.8888888888888888,0,1,0,1.1734132933533232,0
48,2,1,1,4,1,4,0,2,4,3,1,1,15402,7,0,11,3,1,1,21,3,1,3,2,0,2,0.12,0.09,0.7,1.0,0.9,0.0756,2,184824,314.3265306122449,0.13636363636363635,0.5,0.5,0.0,2.0,7,6,0.18181818181818182,3.0,0.375,0,0,0,3.849537615596101,0
30,2,1,9,2,3,4,1,2,1,2,3,2,2206,1,0,13,3,1,0,10,5,3,10,0,1,8,0.12,0.12,0.7,1.0,1.2,0.1007999999999999,0,26472,71.16129032258064,0.9090909090909091,0.0,0.7272727272727273,0.09090909090909091,2.6666666666666665,11,6,0.09090909090909091,5.0,5.0,0,1,0,2.203796203796204,0
32,2,1,29,4,1,3,0,2,1,2,2,2,2837,1,0,13,3,3,0,6,3,3,6,2,4,1,0.12,0.12,0.7,1.0,1.2,0.1007999999999999,1,34044,85.96969696969697,0.8571428571428571,0.2857142857142857,0.14285714285714285,0.5714285714285714,2.6666666666666665,11,6,0.14285714285714285,1.2,3.0,0,0,0,2.8341658341658342,0
25,2,2,4,1,2,3,1,2,2,7,1,1,4256,1,0,12,3,1,0,5,1,4,5,2,0,3,0.125,0.125,0.7,1.0,0.9,0.07875,0,51072,163.69230769230768,0.8333333333333334,0.3333333333333333,0.5,0.0,1.6666666666666667,9,6,0.3333333333333333,5.0,2.5,0,0,0,2.126936531734133,0
29,1,1,24,2,1,4,1,2,1,6,4,2,2439,1,1,24,4,2,0,1,3,2,1,0,1,0,0.12,0.12,1.3,1.2,1.2,0.22464,0,29268,81.3,0.5,0.0,0.0,0.5,3.3333333333333335,12,8,0.5,0.5,0.5,1,0,0,2.4365634365634365,24
31,2,2,13,4,3,2,1,3,2,7,1,0,4233,2,0,17,3,3,0,9,2,1,3,1,1,2,0.125,0.125,0.7,1.0,1.0,0.0875,1,50796,132.28125,0.3,0.25,0.5,0.25,2.0,7,9,0.2,1.5,1.0,0,0,0,2.1154422788605696,0
54,2,1,2,4,5,1,0,3,3,5,3,1,13549,9,0,12,3,1,1,16,5,1,4,3,0,3,0.12,0.1,0.7,1.0,0.9,0.0756,3,162588,246.34545454545454,0.23529411764705882,0.6,0.6,0.0,1.6666666666666667,6,9,0.17647058823529413,4.0,0.4,0,0,0,4.514828390536488,0
47,2,2,4,2,1,4,0,3,2,7,4,2,4163,1,1,17,3,3,0,9,0,3,9,0,0,7,0.125,0.125,1.3,1.0,1.2,0.195,2,49956,86.72916666666667,0.9,0.0,0.7,0.0,3.6666666666666665,14,9,0.2,9.0,4.5,0,0,0,2.0804597701149423,4
25,2,2,18,1,1,1,1,4,2,7,3,1,6232,2,0,11,3,2,0,6,3,2,3,2,1,2,0.125,0.125,0.7,1.0,0.9,0.07875,0,74784,239.69230769230768,0.42857142857142855,0.5,0.5,0.25,2.0,8,12,0.2857142857142857,1.5,1.0,0,0,0,3.1144427786106945,0
37,2,1,19,2,1,2,1,3,1,6,2,1,3022,4,0,21,4,1,0,8,1,3,1,0,0,0,0.12,0.12,0.7,1.0,0.9,0.0756,1,36264,79.52631578947368,0.1111111111111111,0.0,0.0,0.0,1.6666666666666667,8,12,0.1111111111111111,1.0,0.2,1,0,0,3.018981018981019,0
44,1,1,2,1,3,2,1,3,3,4,3,2,10209,5,1,18,3,2,0,16,2,2,2,2,2,2,0.12,0.1,1.3,1.2,1.2,0.22464,2,122508,226.86666666666667,0.11764705882352941,0.6666666666666666,0.6666666666666666,0.6666666666666666,2.3333333333333335,9,9,0.17647058823529413,0.6666666666666666,0.3333333333333333,1,0,0,3.4018660446517828,2
19,2,2,22,1,2,4,1,3,1,8,3,2,1675,1,1,19,3,4,0,0,2,2,0,0,0,0,0.125,0.125,1.3,1.0,1.2,0.195,0,20100,83.75,0.0,0.0,0.0,0.0,3.6666666666666665,13,9,1.0,0.0,0.0,1,0,0,1.6733266733266734,22
26,1,1,11,2,3,1,1,3,2,0,1,1,4741,1,1,13,3,3,1,5,3,3,5,3,3,3,0.12,0.11,1.3,1.2,0.9,0.16848,0,56892,175.59259259259258,0.8333333333333334,0.5,0.5,0.5,1.6666666666666667,8,9,0.3333333333333333,1.25,2.5,0,0,0,2.369315342328836,11
54,2,0,19,4,3,3,1,3,3,1,2,1,10725,2,0,15,3,3,1,16,1,4,9,7,7,1,0.073,0.073,0.7,1.0,0.9,0.0459899999999999,3,128700,195.0,0.5294117647058824,0.7,0.1,0.7,2.6666666666666665,12,9,0.17647058823529413,1.125,3.0,0,0,1,3.5738087304231922,0
33,2,2,8,4,2,3,1,3,2,7,3,0,7104,0,0,12,3,4,0,6,3,3,5,0,1,2,0.125,0.125,0.7,1.0,1.0,0.0875,1,85248,208.94117647058823,0.7142857142857143,0.0,0.3333333333333333,0.16666666666666666,3.3333333333333335,13,9,0.2857142857142857,2.5,5.0,0,0,0,3.550224887556222,0
45,2,1,20,2,3,3,1,3,4,0,4,1,13496,0,1,14,3,2,0,21,2,3,20,7,4,10,0.12,0.11,1.3,1.0,0.9,0.1404,2,161952,293.39130434782606,0.9090909090909091,0.3333333333333333,0.47619047619047616,0.19047619047619047,3.0,12,9,0.18181818181818182,4.0,20.0,0,1,0,3.3731567108222946,20
36,2,2,17,2,2,3,1,2,2,7,2,1,5507,2,0,16,3,3,2,12,1,1,4,2,1,3,0.125,0.125,0.7,1.0,0.9,0.07875,1,66084,148.83783783783784,0.3076923076923077,0.4,0.6,0.2,2.6666666666666665,9,6,0.15384615384615385,2.0,1.3333333333333333,0,0,0,2.7521239380309845,0
27,1,1,15,3,1,4,0,2,1,6,1,1,4774,0,0,19,3,4,1,8,2,2,7,6,7,3,0.12,0.12,0.7,1.2,0.9,0.09072,0,57288,170.5,0.7777777777777778,0.75,0.375,0.875,3.0,11,6,0.1111111111111111,0.875,7.0,0,0,1,4.769230769230769,0
49,2,1,5,4,5,1,1,3,2,0,3,1,6651,2,0,14,3,2,1,20,0,2,3,2,1,2,0.12,0.11,0.7,1.0,0.9,0.0756,2,79812,133.02,0.14285714285714285,0.5,0.5,0.25,2.0,8,9,0.09523809523809523,1.5,1.0,0,0,0,3.3238380809595203,0
34,2,2,8,2,5,2,1,4,2,7,3,1,6799,1,0,21,4,3,2,10,5,3,10,8,4,8,0.125,0.125,0.7,1.0,0.9,0.07875,1,81588,194.25714285714287,0.9090909090909091,0.7272727272727273,0.7272727272727273,0.36363636363636365,2.6666666666666665,11,16,0.18181818181818182,2.0,5.0,0,1,0,3.397801099450275,0
45,2,1,10,2,1,1,1,3,1,6,4,1,2654,3,0,21,4,4,2,8,3,2,2,2,0,2,0.12,0.12,0.7,1.0,0.9,0.0756,2,31848,57.69565217391305,0.2222222222222222,0.6666666666666666,0.6666666666666666,0.0,3.0,11,12,0.1111111111111111,2.0,0.5,1,0,0,2.6513486513486515,0
40,2,1,4,1,3,4,0,3,5,3,3,1,19033,1,0,14,3,2,1,21,2,3,20,8,9,9,0.12,0.09,0.7,1.0,0.9,0.0756,1,228396,464.219512195122,0.9090909090909091,0.38095238095238093,0.42857142857142855,0.42857142857142855,3.0,12,9,0.22727272727272727,2.0,10.0,0,1,1,3.8058388322335532,0
26,2,1,6,3,4,3,0,2,1,6,2,1,2368,1,0,19,3,3,0,5,3,2,5,4,4,3,0.12,0.12,0.7,1.0,0.9,0.0756,0,28416,87.70370370370371,0.8333333333333334,0.6666666666666666,0.5,0.6666666666666666,2.6666666666666665,10,6,0.16666666666666666,1.0,2.5,0,0,0,2.3656343656343655,0
42,2,1,2,4,1,3,0,3,2,0,4,1,4089,1,0,13,3,2,2,10,4,3,10,2,2,2,0.12,0.11,0.7,1.0,0.9,0.0756,2,49068,95.09302325581395,0.9090909090909091,0.18181818181818182,0.18181818181818182,0.18181818181818182,3.0,12,9,0.18181818181818182,3.3333333333333335,5.0,0,1,0,2.0434782608695654,0
38,2,1,9,2,1,2,1,3,1,6,4,0,4771,2,0,19,3,4,2,10,0,4,5,2,0,3,0.12,0.12,0.7,1.0,1.0,0.0839999999999999,1,57252,122.33333333333333,0.45454545454545453,0.3333333333333333,0.5,0.0,3.3333333333333335,14,9,0.09090909090909091,5.0,1.6666666666666667,0,0,0,4.766233766233766,0
20,2,2,2,3,3,3,0,3,1,8,3,2,2783,1,0,19,3,1,0,2,3,3,2,2,2,2,0.125,0.125,0.7,1.0,1.2,0.105,0,33396,132.52380952380952,0.6666666666666666,0.6666666666666666,0.6666666666666666,0.6666666666666666,2.3333333333333335,10,9,0.3333333333333333,0.6666666666666666,1.0,1,0,0,2.78021978021978,0
53,2,1,2,3,3,4,1,4,4,5,2,2,16598,4,0,12,3,2,0,35,2,2,9,8,8,8,0.12,0.1,0.7,1.0,1.2,0.1007999999999999,3,199176,307.3703703703704,0.25,0.8,0.8,0.8,2.6666666666666665,10,12,0.1111111111111111,1.0,1.8,0,0,1,4.14846288427893,0
41,2,0,10,4,0,2,1,2,5,3,4,0,19141,3,0,15,3,2,3,23,2,2,21,6,12,6,0.073,0.09,0.7,1.0,1.0,0.0510999999999999,2,229692,455.73809523809524,0.875,0.2727272727272727,0.2727272727272727,0.5454545454545454,2.6666666666666665,10,6,0.20833333333333334,1.6153846153846154,5.25,0,1,1,3.8274345130973804,0
36,0,2,10,4,3,2,1,3,3,7,4,2,9980,1,0,14,3,4,0,10,3,2,10,3,9,7,0.125,0.125,0.7,0.9,1.2,0.0945,1,119760,269.72972972972974,0.9090909090909091,0.2727272727272727,0.6363636363636364,0.8181818181818182,3.3333333333333335,12,9,0.2727272727272727,1.0,5.0,0,1,1,3.3255581472842386,0
36,0,1,8,3,1,1,0,4,3,5,1,1,11713,9,0,14,3,1,1,10,2,3,8,7,0,5,0.12,0.1,0.7,0.9,0.9,0.06804,1,140556,316.56756756756755,0.7272727272727273,0.7777777777777778,0.5555555555555556,0.0,1.0,6,12,0.2727272727272727,8.0,0.8,0,0,0,3.903032322559147,0
34,2,1,3,3,1,4,0,3,2,6,2,0,5433,1,0,12,3,3,1,11,2,3,11,8,7,9,0.12,0.12,0.7,1.0,1.0,0.0839999999999999,1,65196,155.22857142857143,0.9166666666666666,0.6666666666666666,0.75,0.5833333333333334,3.0,12,9,0.16666666666666666,1.375,5.5,0,1,1,2.715142428785607,0
33,0,2,16,3,1,3,0,3,2,7,4,0,5368,1,1,25,4,3,1,7,2,3,6,5,1,2,0.125,0.125,1.3,0.9,1.0,0.14625,1,64416,157.88235294117646,0.75,0.7142857142857143,0.2857142857142857,0.14285714285714285,3.3333333333333335,13,12,0.25,3.0,3.0,0,0,0,2.682658670664668,16
30,2,1,8,2,1,2,0,4,3,5,1,1,11416,0,1,12,3,3,3,9,4,2,8,7,1,7,0.12,0.1,1.3,1.0,0.9,0.1404,0,136992,368.258064516129,0.8,0.7777777777777778,0.7777777777777778,0.1111111111111111,2.0,8,12,0.3,4.0,8.0,0,0,0,3.8040653115628125,8
32,0,1,1,3,1,4,1,3,1,2,4,0,2314,0,0,12,3,2,1,4,2,3,3,0,0,2,0.12,0.12,0.7,0.9,1.0,0.0756,1,27768,70.12121212121212,0.6,0.0,0.5,0.0,3.3333333333333335,13,9,0.2,3.0,3.0,0,0,0,2.311688311688312,0
28,1,1,1,3,3,1,1,2,1,2,2,0,2596,1,0,15,3,1,2,1,2,3,1,0,0,0,0.12,0.12,0.7,1.2,1.0,0.1007999999999999,0,31152,89.51724137931035,0.5,0.0,0.0,0.0,1.3333333333333333,7,6,0.5,1.0,0.5,1,0,0,2.5934065934065935,0
23,2,1,9,1,3,2,1,3,1,2,1,1,2500,1,0,14,3,4,1,5,2,4,4,3,0,2,0.12,0.12,0.7,1.0,0.9,0.0756,0,30000,104.16666666666667,0.6666666666666666,0.6,0.4,0.0,2.3333333333333335,11,9,0.16666666666666666,4.0,2.0,0,0,0,2.4975024975024973,0
34,2,2,4,3,1,3,1,3,3,7,4,1,9713,2,1,13,3,4,3,9,3,3,5,3,1,0,0.125,0.125,1.3,1.0,0.9,0.14625,1,116556,277.51428571428573,0.5,0.5,0.0,0.16666666666666666,3.6666666666666665,14,9,0.3,2.5,1.6666666666666667,0,0,0,3.2365878040653118,4
40,2,1,1,4,1,1,1,3,4,3,1,0,16823,2,0,11,3,1,1,22,3,3,19,7,11,16,0.12,0.09,0.7,1.0,1.0,0.0839999999999999,1,201876,410.3170731707317,0.8260869565217391,0.35,0.8,0.55,1.0,6,9,0.17391304347826086,1.5833333333333333,6.333333333333333,0,1,1,4.204698825293677,0
20,2,1,3,3,1,1,1,2,1,2,3,2,3033,1,0,12,3,1,0,2,2,2,2,2,1,2,0.12,0.12,0.7,1.0,1.2,0.1007999999999999,0,36396,144.42857142857142,0.6666666666666666,0.6666666666666666,0.6666666666666666,0.3333333333333333,1.6666666666666667,7,6,0.3333333333333333,1.0,1.0,1,0,0,3.02997002997003,0
24,2,1,23,3,3,2,1,4,1,6,4,1,2725,1,1,11,3,2,2,6,3,3,6,5,1,4,0.12,0.12,1.3,1.0,0.9,0.1404,0,32700,109.0,0.8571428571428571,0.7142857142857143,0.5714285714285714,0.14285714285714285,2.6666666666666665,11,12,0.14285714285714285,3.0,3.0,0,0,0,2.722277722277722,23
49,2,1,3,2,3,3,0,2,2,2,1,1,4789,4,0,25,4,1,1,10,3,3,3,2,1,2,0.12,0.12,0.7,1.0,0.9,0.0756,2,57468,95.78,0.2727272727272727,0.5,0.5,0.25,1.6666666666666667,8,8,0.18181818181818182,1.5,0.6,0,0,0,2.393303348325837,0
29,2,1,1,3,5,3,1,3,1,6,3,2,2058,0,0,14,3,4,0,7,1,2,6,2,1,5,0.12,0.12,0.7,1.0,1.2,0.1007999999999999,0,24696,68.6,0.75,0.2857142857142857,0.7142857142857143,0.14285714285714285,3.3333333333333335,12,9,0.125,3.0,6.0,0,0,0,2.055944055944056,0
56,2,1,14,4,1,2,0,3,1,6,2,1,4963,9,1,18,3,1,3,7,2,3,5,4,4,3,0.12,0.12,1.3,1.0,0.9,0.1404,3,59556,87.0701754385965,0.625,0.6666666666666666,0.5,0.6666666666666666,1.6666666666666667,8,9,0.125,1.0,0.5,0,0,0,4.958041958041958,14
35,1,1,18,4,1,3,1,3,2,0,3,1,5689,1,1,14,3,4,2,10,2,4,10,2,0,2,0.12,0.11,1.3,1.2,0.9,0.16848,1,68268,158.02777777777777,0.9090909090909091,0.18181818181818182,0.18181818181818182,0.0,3.3333333333333335,14,9,0.18181818181818182,10.0,5.0,0,1,0,2.843078460769615,18
37,2,1,1,2,3,3,0,2,1,6,1,1,3920,2,0,14,3,1,1,17,2,2,3,1,0,2,0.12,0.12,0.7,1.0,0.9,0.0756,1,47040,103.15789473684211,0.16666666666666666,0.25,0.5,0.0,1.6666666666666667,7,6,0.05555555555555555,3.0,1.0,0,0,0,3.9160839160839163,0
30,2,2,15,2,2,3,1,2,3,7,1,0,7140,2,0,11,3,1,1,12,2,3,7,7,1,7,0.125,0.125,0.7,1.0,1.0,0.0875,0,85680,230.32258064516128,0.5384615384615384,0.875,0.875,0.125,1.6666666666666667,8,6,0.23076923076923078,3.5,2.3333333333333335,0,0,0,2.3792069310229924,0
33,2,1,14,3,3,4,0,3,1,6,2,1,2756,1,0,13,3,4,1,8,5,3,8,7,1,6,0.12,0.12,0.7,1.0,0.9,0.0756,1,33072,81.05882352941177,0.8888888888888888,0.7777777777777778,0.6666666666666666,0.1111111111111111,3.3333333333333335,13,9,0.1111111111111111,4.0,4.0,0,0,0,2.7532467532467533,0
33,2,2,9,4,2,1,0,3,2,7,1,2,8224,0,1,17,3,1,0,6,3,3,5,2,0,3,0.125,0.125,1.3,1.0,1.2,0.195,1,98688,241.88235294117646,0.7142857142857143,0.3333333333333333,0.5,0.0,1.0,6,9,0.2857142857142857,5.0,5.0,0,0,0,4.109945027486257,9
34,2,1,27,2,3,4,0,3,1,6,2,2,2311,2,0,15,3,4,0,9,3,3,3,2,1,2,0.12,0.12,0.7,1.0,1.2,0.1007999999999999,1,27732,66.02857142857142,0.3,0.5,0.5,0.25,3.3333333333333335,13,9,0.1,1.5,1.0,0,0,0,2.3086913086913086,0
42,1,1,9,2,3,1,0,3,1,2,4,2,3673,1,0,13,3,3,0,12,3,3,12,9,5,8,0.12,0.12,0.7,1.2,1.2,0.1209599999999999,2,44076,85.4186046511628,0.9230769230769231,0.6923076923076923,0.6153846153846154,0.38461538461538464,2.6666666666666665,11,9,0.07692307692307693,2.0,6.0,0,1,1,3.6693306693306695,0
60,2,1,7,3,1,1,0,3,5,3,1,1,19566,5,0,11,3,4,0,33,5,1,29,8,11,10,0.12,0.09,0.7,1.0,0.9,0.0756,3,234792,320.75409836065575,0.8529411764705882,0.26666666666666666,0.3333333333333333,0.36666666666666664,2.0,7,9,0.14705882352941177,2.4166666666666665,4.833333333333333,0,1,1,3.9124175164967006,0
37,2,1,10,4,1,3,1,3,2,4,2,2,4197,2,1,12,3,4,0,18,2,2,1,0,0,1,0.12,0.1,1.3,1.0,1.2,0.1872,1,50364,110.44736842105263,0.05263157894736842,0.0,0.5,0.0,3.0,11,9,0.10526315789473684,1.0,0.3333333333333333,1,0,0,2.0974512743628186,10
24,2,1,21,2,5,3,1,2,1,2,1,0,2296,0,0,14,3,2,3,2,3,3,1,1,0,0,0.12,0.12,0.7,1.0,1.0,0.0839999999999999,0,27552,91.84,0.3333333333333333,0.5,0.0,0.0,2.0,9,6,0.3333333333333333,1.0,1.0,1,0,0,2.2937062937062938,0
32,0,1,29,4,3,4,0,3,1,2,3,2,4025,9,0,12,3,2,0,10,2,3,8,7,7,7,0.12,0.12,0.7,0.9,1.2,0.09072,1,48300,121.96969696969697,0.7272727272727273,0.7777777777777778,0.7777777777777778,0.7777777777777778,3.0,12,9,0.09090909090909091,1.0,0.8,0,0,1,4.020979020979021,0
43,1,2,26,2,1,3,1,3,4,3,4,1,16959,1,1,12,3,4,2,25,3,4,25,12,4,12,0.125,0.09,1.3,1.2,0.9,0.1755,2,203508,385.4318181818182,0.9615384615384616,0.46153846153846156,0.46153846153846156,0.15384615384615385,3.6666666666666665,15,9,0.15384615384615385,5.0,12.5,0,1,0,4.238690327418145,26
46,2,1,1,4,3,4,1,3,5,5,4,0,19627,9,0,17,3,4,2,23,0,3,2,2,2,2,0.12,0.1,0.7,1.0,1.0,0.0839999999999999,2,235524,417.59574468085106,0.08333333333333333,0.6666666666666666,0.6666666666666666,0.6666666666666666,4.0,15,9,0.20833333333333334,0.6666666666666666,0.2,1,0,0,3.924615076984603,0
42,1,2,12,3,1,3,1,3,4,7,1,2,13758,0,1,12,3,2,0,22,2,2,21,9,13,14,0.125,0.125,1.3,1.2,1.2,0.2339999999999999,2,165096,319.95348837209303,0.9130434782608695,0.4090909090909091,0.6363636363636364,0.5909090909090909,2.0,8,9,0.17391304347826086,1.5,21.0,0,1,1,3.4386403399150214,12
29,2,2,20,2,2,4,1,3,2,7,4,0,6931,2,0,14,3,4,1,10,2,3,3,2,0,2,0.125,0.125,0.7,1.0,1.0,0.0875,0,83172,231.03333333333333,0.2727272727272727,0.5,0.5,0.0,4.0,15,9,0.18181818181818182,3.0,1.0,0,0,0,3.463768115942029,0
36,2,2,10,4,5,2,0,2,2,7,3,1,5673,1,1,13,3,1,1,10,4,3,10,9,1,7,0.125,0.125,1.3,1.0,0.9,0.14625,1,68076,153.32432432432432,0.9090909090909091,0.8181818181818182,0.6363636363636364,0.09090909090909091,2.0,9,6,0.18181818181818182,5.0,5.0,0,1,0,2.8350824587706147,10
24,2,1,17,2,4,4,1,2,1,2,2,1,2127,1,0,21,4,4,1,1,2,3,1,0,0,0,0.12,0.12,0.7,1.0,0.9,0.0756,0,25524,85.08,0.5,0.0,0.0,0.0,3.3333333333333335,13,8,0.5,1.0,0.5,1,0,0,2.1248751248751248,0
42,0,1,2,1,1,3,1,3,4,3,3,1,17861,0,1,13,3,4,0,21,3,2,20,8,2,10,0.12,0.09,1.3,0.9,0.9,0.12636,2,214332,415.3720930232558,0.9090909090909091,0.38095238095238093,0.47619047619047616,0.09523809523809523,3.3333333333333335,12,9,0.18181818181818182,6.666666666666667,20.0,0,1,0,4.464133966508373,2
32,0,1,5,4,5,2,1,3,1,6,2,2,2718,2,0,14,3,2,0,12,3,3,7,7,0,7,0.12,0.12,0.7,0.9,1.2,0.09072,1,32616,82.36363636363636,0.5384615384615384,0.875,0.875,0.0,2.0,9,9,0.07692307692307693,7.0,2.3333333333333335,0,0,0,2.7152847152847155,0
39,2,1,10,1,3,3,1,3,3,5,3,2,13464,7,0,21,4,3,0,9,3,3,4,3,2,2,0.12,0.1,0.7,1.0,1.2,0.1007999999999999,1,161568,336.6,0.4,0.6,0.4,0.4,3.0,12,12,0.3,1.3333333333333333,0.5,0,0,0,4.4865044985005,0
34,2,2,2,3,2,3,0,3,2,7,1,2,4538,0,1,12,3,4,0,4,3,3,3,2,0,2,0.125,0.125,1.3,1.0,1.2,0.195,1,54456,129.65714285714284,0.6,0.5,0.5,0.0,2.6666666666666665,11,9,0.4,3.0,3.0,0,0,0,2.267866066966517,2
46,2,1,2,4,3,3,1,3,5,5,4,0,19328,7,1,17,3,3,1,24,3,3,2,1,2,2,0.12,0.1,1.3,1.0,1.0,0.156,2,231936,411.2340425531915,0.08,0.3333333333333333,0.6666666666666666,0.6666666666666666,3.3333333333333335,13,9,0.2,0.6666666666666666,0.25,1,0,0,3.8648270345930813,2
29,2,1,23,2,1,3,1,4,1,6,3,1,2700,1,0,24,4,3,1,10,3,3,10,7,0,7,0.12,0.12,0.7,1.0,0.9,0.0756,0,32400,90.0,0.9090909090909091,0.6363636363636364,0.6363636363636364,0.0,3.0,12,16,0.09090909090909091,10.0,5.0,0,1,0,2.6973026973026974,0
31,2,1,2,4,1,2,1,3,1,2,3,1,3477,1,0,14,3,4,1,6,2,4,5,2,0,3,0.12,0.12,0.7,1.0,0.9,0.0756,1,41724,108.65625,0.7142857142857143,0.3333333333333333,0.5,0.0,3.0,13,9,0.14285714285714285,5.0,2.5,0,0,0,3.4735264735264737,0
37,2,1,10,1,1,4,0,3,1,6,1,0,2782,0,1,13,3,2,2,6,3,2,5,3,4,3,0.12,0.12,1.3,1.0,1.0,0.156,1,33384,73.21052631578948,0.7142857142857143,0.5,0.5,0.6666666666666666,2.3333333333333335,9,9,0.14285714285714285,1.0,5.0,0,0,0,2.779220779220779,10
42,1,1,5,2,4,2,1,3,1,2,3,1,2093,4,0,17,3,4,1,8,4,3,2,2,2,0,0.12,0.12,0.7,1.2,0.9,0.09072,2,25116,48.674418604651166,0.2222222222222222,0.6666666666666666,0.0,0.6666666666666666,3.0,12,9,0.1111111111111111,0.6666666666666666,0.4,1,0,0,2.090909090909091,0
47,2,1,2,2,4,3,0,3,4,3,4,1,16752,1,1,11,3,3,1,26,3,2,26,14,3,0,0.12,0.09,1.3,1.0,0.9,0.1404,2,201024,349.0,0.9629629629629629,0.5185185185185185,0.0,0.1111111111111111,3.3333333333333335,12,9,0.14814814814814814,6.5,13.0,0,1,0,4.186953261684579,2
49,2,1,16,3,3,4,0,3,1,2,1,0,2587,4,1,16,3,2,1,17,2,2,2,2,2,2,0.12,0.12,1.3,1.0,1.0,0.156,2,31044,51.74,0.1111111111111111,0.6666666666666666,0.6666666666666666,0.6666666666666666,2.3333333333333335,9,9,0.05555555555555555,0.6666666666666666,0.4,1,0,0,2.5844155844155843,16
35,2,1,27,1,3,3,0,2,1,6,1,2,2559,1,0,11,3,4,0,6,3,2,6,5,1,1,0.12,0.12,0.7,1.0,1.2,0.1007999999999999,1,30708,71.08333333333333,0.8571428571428571,0.7142857142857143,0.14285714285714285,0.14285714285714285,2.6666666666666665,10,6,0.14285714285714285,3.0,3.0,0,0,0,2.5564435564435564,0
45,2,1,28,3,5,4,1,3,1,6,4,1,2132,4,0,20,4,4,1,8,3,3,5,4,0,3,0.12,0.12,0.7,1.0,0.9,0.0756,2,25584,46.34782608695652,0.5555555555555556,0.6666666666666666,0.5,0.0,4.0,15,12,0.1111111111111111,5.0,1.0,0,0,0,2.1298701298701297,0
36,0,1,24,4,1,2,0,3,2,2,2,1,5674,7,0,15,3,3,1,11,3,3,9,8,0,8,0.12,0.12,0.7,0.9,0.9,0.06804,1,68088,153.35135135135135,0.75,0.8,0.8,0.0,2.3333333333333335,10,9,0.16666666666666666,9.0,1.125,0,0,0,2.835582208895552,0
24,0,2,13,2,1,4,0,3,1,8,2,1,2033,1,0,13,3,3,1,1,2,3,1,0,0,0,0.125,0.125,0.7,0.9,0.9,0.070875,0,24396,81.32,0.5,0.0,0.0,0.0,3.0,12,9,0.5,1.0,0.5,1,0,0,2.030969030969031,0
38,1,1,6,4,1,1,1,2,2,4,3,1,5321,2,0,11,3,4,1,10,1,3,8,3,7,7,0.12,0.1,0.7,1.2,0.9,0.09072,1,63852,136.43589743589743,0.7272727272727273,0.3333333333333333,0.7777777777777778,0.7777777777777778,2.6666666666666665,11,6,0.18181818181818182,1.0,2.6666666666666665,0,0,1,2.659170414792604,0
50,2,1,1,2,3,4,1,3,4,5,4,0,17399,9,0,22,4,3,1,32,1,2,5,4,1,3,0.12,0.1,0.7,1.0,1.0,0.0839999999999999,2,208788,341.15686274509807,0.15151515151515152,0.6666666666666666,0.5,0.16666666666666666,3.6666666666666665,13,12,0.12121212121212122,2.5,0.5,0,0,0,4.348662834291427,0
29,2,1,6,1,3,2,0,3,1,2,4,1,3131,1,0,13,3,1,1,10,5,3,10,8,0,8,0.12,0.12,0.7,1.0,0.9,0.0756,0,37572,104.36666666666666,0.9090909090909091,0.7272727272727273,0.7272727272727273,0.0,2.3333333333333335,10,9,0.09090909090909091,10.0,5.0,0,1,0,3.127872127872128,0
34,2,1,1,5,1,2,1,3,1,6,4,1,2691,1,0,12,3,4,1,10,4,2,10,9,8,8,0.12,0.12,0.7,1.0,0.9,0.0756,1,32292,76.88571428571429,0.9090909090909091,0.8181818181818182,0.7272727272727273,0.7272727272727273,3.3333333333333335,12,9,0.09090909090909091,1.1111111111111112,5.0,0,1,1,2.688311688311688,0
54,2,1,3,3,1,4,1,3,4,5,4,1,17779,3,0,14,3,1,0,36,2,3,10,9,0,9,0.12,0.1,0.7,1.0,0.9,0.0756,3,213348,323.25454545454545,0.2702702702702703,0.8181818181818182,0.8181818181818182,0.0,3.0,12,9,0.10810810810810811,10.0,2.5,0,1,0,4.443639090227443,0
55,2,1,2,4,5,2,1,2,1,6,4,1,2662,8,0,20,4,2,1,19,2,4,5,2,0,4,0.12,0.12,0.7,1.0,0.9,0.0756,3,31944,47.535714285714285,0.25,0.3333333333333333,0.6666666666666666,0.0,2.6666666666666665,12,8,0.05,5.0,0.5555555555555556,0,0,0,2.659340659340659,0
37,0,1,2,2,1,3,1,2,2,0,4,0,5163,5,0,14,3,4,1,17,2,4,1,0,0,0,0.12,0.11,0.7,0.9,1.0,0.0756,1,61956,135.8684210526316,0.05555555555555555,0.0,0.0,0.0,3.6666666666666665,15,6,0.1111111111111111,1.0,0.16666666666666666,1,0,0,2.580209895052474,0
29,2,1,29,1,1,4,1,1,2,0,3,0,6384,8,0,17,3,4,2,11,3,3,7,0,1,6,0.12,0.11,0.7,1.0,1.0,0.0839999999999999,0,76608,212.8,0.5833333333333334,0.0,0.75,0.125,3.6666666666666665,14,3,0.16666666666666666,3.5,0.7777777777777778,0,0,0,3.1904047976011993,0
35,0,1,2,4,1,4,0,3,2,0,1,0,5093,2,0,11,3,1,1,16,2,4,1,0,0,0,0.12,0.11,0.7,0.9,1.0,0.0756,1,61116,141.47222222222223,0.058823529411764705,0.0,0.0,0.0,2.0,10,9,0.11764705882352941,1.0,0.3333333333333333,1,0,0,2.5452273863068466,0
36,2,1,6,3,1,4,1,3,1,2,4,1,3210,0,0,11,3,3,1,16,4,3,15,13,10,11,0.12,0.12,0.7,1.0,0.9,0.0756,1,38520,86.75675675675676,0.8823529411764706,0.8125,0.6875,0.625,3.6666666666666665,14,9,0.058823529411764705,1.3636363636363635,15.0,0,1,1,3.206793206793207,0
32,2,1,2,3,5,4,1,3,1,6,1,2,2439,1,0,14,3,4,0,4,4,3,4,2,1,2,0.12,0.12,0.7,1.0,1.2,0.1007999999999999,1,29268,73.9090909090909,0.8,0.4,0.4,0.2,3.0,12,9,0.2,2.0,2.0,0,0,0,2.4365634365634365,0
44,2,1,2,3,1,3,0,4,3,0,4,1,7879,1,1,19,3,2,1,9,2,3,8,7,6,7,0.12,0.11,1.3,1.0,0.9,0.1404,2,94548,175.0888888888889,0.8,0.7777777777777778,0.7777777777777778,0.6666666666666666,3.0,12,12,0.3,1.1428571428571428,4.0,0,0,1,2.6254581806064645,2
30,2,1,24,1,1,4,1,3,1,2,3,0,2693,1,0,22,4,2,1,1,2,3,1,0,0,0,0.12,0.12,0.7,1.0,1.0,0.0839999999999999,0,32316,86.87096774193549,0.5,0.0,0.0,0.0,3.0,12,12,0.5,1.0,0.5,1,0,0,2.6903096903096904,0
40,2,0,6,2,3,3,1,3,4,3,4,2,16437,1,1,21,4,4,0,21,2,3,21,7,7,7,0.073,0.09,1.3,1.0,1.2,0.11388,1,197244,400.9024390243902,0.9545454545454546,0.3181818181818182,0.3181818181818182,0.3181818181818182,3.6666666666666665,14,12,0.18181818181818182,2.625,10.5,0,1,1,4.108222944263934,6
54,2,1,22,5,3,2,0,3,4,3,3,1,17426,3,0,25,4,3,1,36,6,3,10,8,4,7,0.12,0.09,0.7,1.0,0.9,0.0756,3,209112,316.8363636363636,0.2702702702702703,0.7272727272727273,0.6363636363636364,0.36363636363636365,2.6666666666666665,11,12,0.10810810810810811,2.0,2.5,0,1,0,4.355411147213196,0
40,2,2,26,3,2,3,1,3,2,7,1,1,8396,1,0,14,3,2,1,8,3,2,7,7,7,5,0.125,0.125,0.7,1.0,0.9,0.07875,1,100752,204.78048780487805,0.7777777777777778,0.875,0.625,0.875,2.0,8,9,0.2222222222222222,0.875,3.5,0,0,1,4.195902048975512,0
31,2,1,2,4,1,3,1,3,1,6,4,0,2695,0,1,18,3,2,1,3,2,1,2,2,2,2,0.12,0.12,1.3,1.0,1.0,0.156,1,32340,84.21875,0.5,0.6666666666666666,0.6666666666666666,0.6666666666666666,3.0,10,9,0.25,0.6666666666666666,2.0,1,0,0,2.6923076923076925,2
41,2,2,20,2,2,2,0,3,1,8,2,2,3140,1,1,22,4,4,0,4,5,2,4,3,0,2,0.125,0.125,1.3,1.0,1.2,0.195,2,37680,74.76190476190476,0.8,0.6,0.4,0.0,2.6666666666666665,10,12,0.2,4.0,2.0,0,0,0,3.136863136863137,20
35,1,1,2,4,3,1,1,2,1,6,4,2,4930,0,1,14,3,3,0,6,2,4,5,4,1,4,0.12,0.12,1.3,1.2,1.2,0.22464,1,59160,136.94444444444446,0.7142857142857143,0.6666666666666666,0.6666666666666666,0.16666666666666666,2.6666666666666665,12,6,0.14285714285714285,2.5,5.0,0,0,0,4.9250749250749255,2
39,0,1,1,3,1,4,1,3,2,2,4,1,6472,1,1,15,3,4,1,9,2,3,9,8,5,8,0.12,0.12,1.3,0.9,0.9,0.12636,1,77664,161.8,0.9,0.8,0.8,0.5,4.0,15,9,0.2,1.5,4.5,0,0,1,3.234382808595702,1
35,2,1,1,3,3,4,1,2,1,2,1,2,2450,1,0,19,3,2,0,3,3,3,3,0,1,2,0.12,0.12,0.7,1.0,1.2,0.1007999999999999,1,29400,68.05555555555556,0.75,0.0,0.5,0.25,2.3333333333333335,10,6,0.25,1.5,1.5,0,0,0,2.4475524475524475,0
59,2,1,2,3,1,3,0,2,4,4,4,2,13726,3,1,13,3,1,0,30,4,3,5,3,4,3,0.12,0.1,1.3,1.0,1.2,0.1872,3,164712,228.76666666666668,0.16129032258064516,0.5,0.5,0.6666666666666666,2.6666666666666665,11,6,0.12903225806451613,1.0,1.25,0,0,0,3.4306423394151464,2
22,2,1,1,2,1,4,1,2,2,4,4,1,4775,6,0,22,4,1,2,4,2,1,2,2,2,2,0.12,0.1,0.7,1.0,0.9,0.0756,0,57300,207.6086956521739,0.4,0.6666666666666666,0.6666666666666666,0.6666666666666666,3.0,10,8,0.4,0.6666666666666666,0.2857142857142857,1,0,0,2.3863068465767117,0
37,2,1,3,3,4,4,0,3,2,0,2,2,4107,3,0,15,3,1,0,8,3,2,4,3,0,1,0.12,0.11,0.7,1.0,1.2,0.1007999999999999,1,49284,108.07894736842105,0.4444444444444444,0.6,0.2,0.0,2.3333333333333335,9,9,0.2222222222222222,4.0,1.0,0,0,0,2.052473763118441,0
35,2,1,10,3,4,2,1,3,1,2,4,0,3917,1,0,20,4,1,1,3,4,2,3,2,1,2,0.12,0.12,0.7,1.0,1.0,0.0839999999999999,1,47004,108.80555555555556,0.75,0.5,0.5,0.25,2.3333333333333335,9,12,0.25,1.5,1.5,0,0,0,3.913086913086913,0
32,2,1,9,4,1,1,0,3,2,6,4,1,6322,1,1,12,3,4,1,6,2,2,6,4,0,5,0.12,0.12,1.3,1.0,0.9,0.1404,1,75864,191.57575757575756,0.8571428571428571,0.5714285714285714,0.7142857142857143,0.0,3.0,11,9,0.2857142857142857,6.0,3.0,0,0,0,3.1594202898550723,9
47,0,2,2,4,2,3,1,3,2,7,2,1,4978,7,0,11,3,4,1,4,3,1,1,0,0,0,0.125,0.125,0.7,0.9,0.9,0.070875,2,59736,103.70833333333333,0.2,0.0,0.0,0.0,3.0,10,9,0.4,1.0,0.125,1,0,0,2.4877561219390305,0
45,2,2,2,3,2,1,0,1,5,3,2,2,18824,2,1,16,3,1,0,26,2,3,24,10,1,11,0.125,0.09,1.3,1.0,1.2,0.195,2,225888,409.2173913043478,0.8888888888888888,0.4,0.44,0.04,1.3333333333333333,7,3,0.18518518518518517,12.0,8.0,0,1,0,3.7640471905618877,2
37,0,2,9,4,3,1,1,3,3,7,2,0,8834,1,0,13,3,4,1,9,6,3,9,5,7,7,0.125,0.125,0.7,0.9,1.0,0.07875,1,106008,232.47368421052633,0.9,0.5,0.7,0.7,2.3333333333333335,10,9,0.3,1.125,4.5,0,0,1,2.943685438187271,0
24,1,0,10,3,3,1,1,3,1,1,4,1,2145,0,0,14,3,4,1,3,2,3,2,2,2,1,0.073,0.073,0.7,1.2,0.9,0.0551879999999999,0,25740,85.8,0.5,0.6666666666666666,0.3333333333333333,0.6666666666666666,3.0,12,9,0.25,0.6666666666666666,2.0,1,0,0,2.142857142857143,0
42,2,1,2,3,3,3,1,2,1,2,2,1,4841,4,0,14,3,2,1,4,3,3,1,0,0,0,0.12,0.12,0.7,1.0,0.9,0.0756,2,58092,112.5813953488372,0.2,0.0,0.0,0.0,2.3333333333333335,10,6,0.2,1.0,0.2,1,0,0,4.836163836163836,0
37,1,2,21,2,3,3,0,3,1,8,4,1,2973,5,0,15,3,2,1,10,3,3,5,4,0,0,0.125,0.125,0.7,1.2,0.9,0.0945,1,35676,78.23684210526316,0.45454545454545453,0.6666666666666666,0.0,0.0,3.0,12,9,0.09090909090909091,5.0,0.8333333333333334,0,0,0,2.97002997002997,0
37,2,2,9,2,2,2,1,2,2,7,2,1,4189,1,0,14,3,1,2,5,2,3,5,2,0,3,0.125,0.125,0.7,1.0,0.9,0.07875,1,50268,110.23684210526316,0.8333333333333334,0.3333333333333333,0.5,0.0,1.6666666666666667,8,6,0.3333333333333333,5.0,2.5,0,0,0,2.0934532733633184,0
37,2,1,10,3,3,3,0,3,1,2,1,1,3452,6,0,20,4,2,1,17,3,3,5,4,0,3,0.12,0.12,0.7,1.0,0.9,0.0756,1,41424,90.84210526315789,0.2777777777777778,0.6666666666666666,0.5,0.0,2.0,9,12,0.05555555555555555,5.0,0.7142857142857143,0,0,0,3.4485514485514486,0
34,1,1,10,4,3,4,1,3,1,6,3,0,3815,1,1,17,3,4,1,5,4,4,5,3,2,0,0.12,0.12,1.3,1.2,1.0,0.1872,1,45780,109.0,0.8333333333333334,0.5,0.0,0.3333333333333333,3.6666666666666665,15,9,0.16666666666666666,1.6666666666666667,2.5,0,0,0,3.8111888111888113,10
37,2,1,1,3,1,4,0,2,2,4,4,1,6474,1,0,13,3,2,1,14,2,2,14,8,3,11,0.12,0.1,0.7,1.0,0.9,0.0756,1,77688,170.3684210526316,0.9333333333333333,0.5333333333333333,0.7333333333333333,0.2,3.3333333333333335,12,6,0.13333333333333333,3.5,7.0,0,1,0,3.235382308845577,0
53,2,1,24,4,3,2,1,4,3,0,4,1,7005,3,0,15,3,3,0,11,2,3,4,3,1,2,0.12,0.11,0.7,1.0,0.9,0.0756,3,84060,129.72222222222223,0.3333333333333333,0.6,0.4,0.2,3.0,12,12,0.25,2.0,1.0,0,0,0,2.3342219260246586,0
35,2,2,27,3,1,3,1,3,2,7,4,2,5813,1,1,18,3,4,0,10,2,3,10,7,7,7,0.125,0.125,1.3,1.0,1.2,0.195,1,69756,161.47222222222223,0.9090909090909091,0.6363636363636364,0.6363636363636364,0.6363636363636364,3.6666666666666665,14,9,0.18181818181818182,1.25,5.0,0,1,1,2.905047476261869,27
31,2,1,5,4,5,3,1,3,1,6,4,1,4821,0,1,12,3,3,1,6,4,3,5,2,0,3,0.12,0.12,1.3,1.0,0.9,0.1404,1,57852,150.65625,0.7142857142857143,0.3333333333333333,0.5,0.0,3.3333333333333335,13,9,0.14285714285714285,5.0,5.0,0,0,0,4.816183816183816,5
41,2,2,4,1,2,3,0,3,3,7,3,0,10447,0,1,13,3,4,1,23,3,4,22,14,13,5,0.125,0.125,1.3,1.0,1.0,0.1625,2,125364,248.73809523809524,0.9166666666666666,0.6086956521739131,0.21739130434782608,0.5652173913043478,3.3333333333333335,14,9,0.125,1.5714285714285714,22.0,0,1,1,3.4811729423525493,4
55,2,2,1,2,1,1,1,3,3,7,4,1,10239,3,0,14,3,4,1,24,4,3,1,0,1,0,0.125,0.125,0.7,1.0,0.9,0.07875,3,122868,182.83928571428572,0.04,0.0,0.0,0.5,3.0,12,9,0.12,0.5,0.25,1,0,0,3.4118627124291905,0
37,1,1,11,3,4,2,1,3,3,5,4,0,12185,1,1,14,3,3,3,10,1,3,10,8,0,7,0.12,0.1,1.3,1.2,1.0,0.1872,1,146220,320.6578947368421,0.9090909090909091,0.7272727272727273,0.6363636363636364,0.0,3.0,12,9,0.2727272727272727,10.0,5.0,0,1,0,4.060313228923692,11
25,2,1,7,1,3,4,1,2,1,6,4,1,2889,1,0,11,3,3,2,2,2,3,2,2,2,1,0.12,0.12,0.7,1.0,0.9,0.0756,0,34668,111.11538461538461,0.6666666666666666,0.6666666666666666,0.3333333333333333,0.6666666666666666,3.6666666666666665,14,6,0.3333333333333333,0.6666666666666666,1.0,1,0,0,2.886113886113886,0
32,2,2,8,3,3,3,1,4,2,7,4,1,6209,1,0,15,3,3,2,10,4,4,10,7,0,8,0.125,0.125,0.7,1.0,0.9,0.07875,1,74508,188.15151515151516,0.9090909090909091,0.6363636363636364,0.7272727272727273,0.0,3.3333333333333335,14,12,0.18181818181818182,10.0,5.0,0,1,0,3.1029485257371316,0
28,2,1,9,3,3,4,1,3,1,6,4,1,2070,1,0,23,4,4,1,5,3,2,5,2,0,4,0.12,0.12,0.7,1.0,0.9,0.0756,0,24840,71.37931034482759,0.8333333333333334,0.3333333333333333,0.6666666666666666,0.0,4.0,14,12,0.16666666666666666,5.0,2.5,0,0,0,2.067932067932068,0
31,2,2,7,3,2,4,1,3,2,7,4,0,7547,4,0,12,3,4,3,13,3,3,7,7,1,7,0.125,0.125,0.7,1.0,1.0,0.0875,1,90564,235.84375,0.5,0.875,0.875,0.125,4.0,15,9,0.14285714285714285,3.5,1.4,0,0,0,3.7716141929035483,0
29,2,2,1,3,3,2,0,2,1,8,3,0,2800,6,1,19,3,3,3,5,3,3,3,2,0,2,0.125,0.125,1.3,1.0,1.0,0.1625,0,33600,93.33333333333333,0.5,0.5,0.5,0.0,2.6666666666666665,11,6,0.16666666666666666,3.0,0.42857142857142855,0,0,0,2.797202797202797,1
38,2,1,3,5,5,4,0,3,2,6,3,2,4317,3,1,20,4,2,0,19,2,3,3,2,2,2,0.12,0.12,1.3,1.0,1.2,0.1872,1,51804,110.6923076923077,0.15,0.5,0.5,0.5,3.0,12,12,0.1,1.0,0.75,0,0,0,2.157421289355322,3
24,2,2,3,2,1,1,0,3,2,7,3,2,4577,9,0,14,3,1,0,4,3,3,2,2,2,0,0.125,0.125,0.7,1.0,1.2,0.105,0,54924,183.08,0.4,0.6666666666666666,0.0,0.6666666666666666,1.6666666666666667,8,9,0.4,0.6666666666666666,0.2,1,0,0,2.2873563218390807,0
32,1,1,24,4,1,1,1,3,2,2,4,1,5309,1,0,15,3,4,2,10,2,3,10,8,4,7,0.12,0.12,0.7,1.2,0.9,0.09072,1,63708,160.87878787878788,0.9090909090909091,0.7272727272727273,0.6363636363636364,0.36363636363636365,3.0,12,9,0.18181818181818182,2.0,5.0,0,1,0,2.6531734132933535,0
44,0,1,17,3,1,4,1,1,1,6,3,2,2290,2,0,13,3,4,0,6,3,3,0,0,0,0,0.12,0.12,0.7,0.9,1.2,0.09072,2,27480,50.888888888888886,0.0,0.0,0.0,0.0,3.6666666666666665,14,3,0.14285714285714285,0.0,0.0,1,0,0,2.2877122877122877,0
48,1,1,4,5,3,3,1,2,4,3,4,1,15202,2,0,25,4,2,1,23,3,3,2,2,2,2,0.12,0.09,0.7,1.2,0.9,0.09072,2,182424,310.2448979591837,0.08333333333333333,0.6666666666666666,0.6666666666666666,0.6666666666666666,3.0,12,8,0.16666666666666666,0.6666666666666666,0.6666666666666666,1,0,0,3.799550112471882,0
42,0,1,10,4,5,3,1,3,1,6,3,1,2936,3,0,22,4,2,2,10,1,2,6,3,3,3,0.12,0.12,0.7,0.9,0.9,0.06804,2,35232,68.27906976744185,0.5454545454545454,0.42857142857142855,0.42857142857142855,0.42857142857142855,2.6666666666666665,10,12,0.09090909090909091,1.5,1.5,0,0,0,2.9330669330669332,0
33,0,2,8,1,1,2,0,2,1,8,4,2,2342,0,0,19,3,4,0,3,2,2,2,2,2,2,0.125,0.125,0.7,0.9,1.2,0.0945,1,28104,68.88235294117646,0.5,0.6666666666666666,0.6666666666666666,0.6666666666666666,3.3333333333333335,12,6,0.25,0.6666666666666666,2.0,1,0,0,2.3396603396603397,0
53,2,2,8,3,2,1,1,3,4,7,4,1,11836,5,0,14,3,3,1,28,3,3,2,0,2,2,0.125,0.125,0.7,1.0,0.9,0.07875,3,142032,219.1851851851852,0.06896551724137931,0.0,0.6666666666666666,0.6666666666666666,2.6666666666666665,11,9,0.13793103448275862,0.6666666666666666,0.3333333333333333,1,0,0,2.9582604348912773,0
29,2,2,9,3,2,2,0,1,1,8,2,2,2760,1,0,13,3,3,0,2,3,3,2,2,2,2,0.125,0.125,0.7,1.0,1.2,0.105,0,33120,92.0,0.6666666666666666,0.6666666666666666,0.6666666666666666,0.6666666666666666,2.3333333333333335,10,3,0.3333333333333333,0.6666666666666666,1.0,1,0,0,2.757242757242757,0
34,2,2,15,2,3,3,0,3,2,7,1,2,6125,1,0,12,3,4,0,10,6,4,10,8,9,6,0.125,0.125,0.7,1.0,1.2,0.105,1,73500,175.0,0.9090909090909091,0.7272727272727273,0.5454545454545454,0.8181818181818182,2.6666666666666665,12,9,0.18181818181818182,1.0,5.0,0,1,1,3.0609695152423786,0
40,2,1,14,3,3,3,1,2,5,5,3,2,19626,1,0,14,3,1,0,21,2,4,20,7,4,9,0.12,0.1,0.7,1.0,1.2,0.1007999999999999,1,235512,478.6829268292683,0.9090909090909091,0.3333333333333333,0.42857142857142855,0.19047619047619047,2.3333333333333335,11,6,0.22727272727272727,4.0,10.0,0,1,0,3.9244151169766046,0
51,2,2,21,4,2,3,1,3,2,7,4,2,5441,0,1,22,4,4,0,11,2,1,10,7,1,0,0.125,0.125,1.3,1.0,1.2,0.195,3,65292,104.63461538461539,0.8333333333333334,0.6363636363636364,0.0,0.09090909090909091,3.6666666666666665,12,12,0.16666666666666666,5.0,10.0,0,1,0,2.7191404297851074,21
36,1,1,18,4,1,3,1,4,1,2,4,1,3688,4,0,18,3,4,2,4,2,3,1,0,0,0,0.12,0.12,0.7,1.2,0.9,0.09072,1,44256,99.67567567567568,0.2,0.0,0.0,0.0,3.6666666666666665,14,12,0.2,1.0,0.2,1,0,0,3.6843156843156843,0
28,2,1,2,4,1,1,1,3,1,2,3,2,3485,2,0,11,3,3,0,5,5,1,0,0,0,0,0.12,0.12,0.7,1.0,1.2,0.1007999999999999,0,41820,120.17241379310344,0.0,0.0,0.0,0.0,2.3333333333333335,8,9,0.16666666666666666,0.0,0.0,1,0,0,3.4815184815184814,0
28,2,1,8,2,1,4,0,3,1,6,4,2,3310,1,0,21,4,4,0,5,3,3,5,3,0,2,0.12,0.12,0.7,1.0,1.2,0.1007999999999999,0,39720,114.13793103448276,0.8333333333333334,0.5,0.3333333333333333,0.0,4.0,15,12,0.16666666666666666,5.0,2.5,0,0,0,3.306693306693307,0
52,2,1,11,4,1,4,0,3,2,2,3,1,3149,8,0,20,4,2,1,9,3,3,5,2,1,4,0.12,0.12,0.7,1.0,0.9,0.0756,3,37788,59.41509433962264,0.5,0.3333333333333333,0.6666666666666666,0.16666666666666666,3.0,12,12,0.2,2.5,0.5555555555555556,0,0,0,1.5737131434282858,0
56,2,0,8,4,1,4,1,3,5,3,2,2,19717,6,0,14,3,1,0,36,4,3,7,3,7,7,0.073,0.09,0.7,1.0,1.2,0.0613199999999999,3,236604,345.9122807017544,0.1891891891891892,0.375,0.875,0.875,2.3333333333333335,10,9,0.13513513513513514,0.875,1.0,0,0,1,3.942611477704459,0
34,2,1,2,4,1,4,1,2,1,6,3,0,2768,3,0,12,3,3,1,14,3,3,7,3,5,7,0.12,0.12,0.7,1.0,1.0,0.0839999999999999,1,33216,79.08571428571429,0.4666666666666667,0.375,0.875,0.625,3.3333333333333335,13,6,0.06666666666666667,1.1666666666666667,1.75,0,0,1,2.7652347652347653,0
22,2,1,8,1,3,3,0,3,1,2,1,1,2398,1,1,17,3,3,0,1,6,3,1,0,0,0,0.12,0.12,1.3,1.0,0.9,0.1404,0,28776,104.26086956521739,0.5,0.0,0.0,0.0,2.3333333333333335,10,9,0.5,1.0,0.5,1,0,0,2.3956043956043955,8
28,1,2,1,2,1,3,1,2,2,7,4,1,6834,1,1,12,3,3,1,7,2,3,7,7,0,7,0.125,0.125,1.3,1.2,0.9,0.1755,0,82008,235.6551724137931,0.875,0.875,0.875,0.0,3.3333333333333335,13,6,0.25,7.0,3.5,0,0,0,3.4152923538230886,1
44,2,2,28,3,3,4,0,4,4,7,4,1,13320,3,1,18,3,3,1,23,2,3,12,11,11,11,0.125,0.125,1.3,1.0,0.9,0.14625,2,159840,296.0,0.5,0.8461538461538461,0.8461538461538461,0.8461538461538461,3.6666666666666665,14,12,0.16666666666666666,1.0,3.0,0,1,1,3.3291677080729816,28
29,2,1,15,1,1,2,0,1,1,6,4,1,2168,0,1,18,3,1,1,6,2,2,5,4,1,3,0.12,0.12,1.3,1.0,0.9,0.1404,0,26016,72.26666666666667,0.7142857142857143,0.6666666666666666,0.5,0.16666666666666666,2.3333333333333335,9,3,0.14285714285714285,2.5,5.0,0,0,0,2.1658341658341658,15
30,0,1,3,3,1,3,1,3,1,2,4,1,2097,4,0,15,3,3,1,9,3,1,5,3,1,4,0.12,0.12,0.7,0.9,0.9,0.06804,0,25164,67.64516129032258,0.5,0.5,0.6666666666666666,0.16666666666666666,3.3333333333333335,11,9,0.1,2.5,1.0,0,0,0,2.0949050949050947,0
50,2,2,8,4,2,4,1,3,1,8,2,1,3875,7,0,15,3,4,1,4,2,3,2,2,2,2,0.125,0.125,0.7,1.0,0.9,0.07875,2,46500,75.98039215686275,0.4,0.6666666666666666,0.6666666666666666,0.6666666666666666,3.3333333333333335,13,9,0.2,0.6666666666666666,0.25,1,0,0,3.871128871128871,0
36,2,1,12,4,1,3,0,3,2,4,3,1,4663,9,1,12,3,2,2,7,2,3,3,2,1,1,0.12,0.1,1.3,1.0,0.9,0.1404,1,55956,126.02702702702703,0.375,0.5,0.25,0.25,2.6666666666666665,11,9,0.25,1.5,0.3,0,0,0,2.3303348325837083,12
30,2,2,27,5,2,3,1,3,2,7,4,0,5304,7,0,23,4,4,1,10,2,2,8,7,7,7,0.125,0.125,0.7,1.0,1.0,0.0875,0,63648,171.09677419354838,0.7272727272727273,0.7777777777777778,0.7777777777777778,0.7777777777777778,3.6666666666666665,13,12,0.18181818181818182,1.0,1.0,0,0,1,2.6506746626686657,0
46,2,2,3,3,5,1,0,4,4,7,1,0,13225,2,0,12,3,4,1,25,5,3,19,17,2,8,0.125,0.125,0.7,1.0,1.0,0.0875,2,158700,281.3829787234043,0.7307692307692307,0.85,0.4,0.1,2.0,9,12,0.15384615384615385,6.333333333333333,6.333333333333333,0,1,0,3.305423644088978,0
29,2,2,23,1,1,4,0,2,3,7,1,1,7336,1,0,13,3,1,1,11,3,1,11,8,3,10,0.125,0.125,0.7,1.0,0.9,0.07875,0,88032,244.53333333333333,0.9166666666666666,0.6666666666666666,0.8333333333333334,0.25,2.0,7,6,0.25,2.75,5.5,0,1,0,2.444518493835388,0
35,0,1,8,4,1,3,0,3,2,0,3,1,4148,1,0,12,3,4,1,15,5,3,14,11,2,9,0.12,0.11,0.7,0.9,0.9,0.06804,1,49776,115.22222222222223,0.875,0.7333333333333333,0.6,0.13333333333333333,3.3333333333333335,13,9,0.125,4.666666666666667,7.0,0,1,0,2.0729635182408797,0
27,2,1,2,4,1,4,0,3,1,2,1,0,2341,1,0,13,3,4,1,1,6,3,1,0,0,0,0.12,0.12,0.7,1.0,1.0,0.0839999999999999,0,28092,83.60714285714286,0.5,0.0,0.0,0.0,3.0,12,9,0.5,1.0,0.5,1,0,0,2.3386613386613386,0
48,1,1,22,3,3,4,0,3,4,3,4,0,17174,3,0,11,3,2,1,24,3,3,22,17,4,7,0.12,0.09,0.7,1.2,1.0,0.1007999999999999,2,206088,350.48979591836735,0.88,0.7391304347826086,0.30434782608695654,0.17391304347826086,3.3333333333333335,13,9,0.16,4.4,5.5,0,1,0,4.292426893276681,0
32,2,2,13,4,1,2,1,3,2,7,4,0,4403,2,0,11,3,3,1,8,3,2,5,2,0,3,0.125,0.125,0.7,1.0,1.0,0.0875,1,52836,133.42424242424244,0.5555555555555556,0.3333333333333333,0.5,0.0,3.0,11,9,0.2222222222222222,5.0,1.6666666666666667,0,0,0,2.20039980009995,0
29,2,1,21,4,1,2,0,4,3,4,1,0,9980,1,0,11,3,3,1,10,1,3,10,9,8,8,0.12,0.1,0.7,1.0,1.0,0.0839999999999999,0,119760,332.6666666666667,0.9090909090909091,0.8181818181818182,0.7272727272727273,0.7272727272727273,2.0,9,12,0.2727272727272727,1.1111111111111112,5.0,0,1,1,3.3255581472842386,0
34,0,2,23,4,2,2,1,3,2,7,3,2,4568,0,0,20,4,3,0,10,2,3,9,5,8,7,0.125,0.125,0.7,0.9,1.2,0.0945,1,54816,130.5142857142857,0.8181818181818182,0.5,0.7,0.8,2.6666666666666665,11,12,0.18181818181818182,1.0,9.0,0,0,1,2.2828585707146427,0
52,2,1,8,4,4,3,0,3,1,2,1,1,2950,9,0,13,3,3,0,12,2,1,5,4,0,4,0.12,0.12,0.7,1.0,0.9,0.0756,3,35400,55.660377358490564,0.38461538461538464,0.6666666666666666,0.6666666666666666,0.0,2.3333333333333335,8,9,0.07692307692307693,5.0,0.5,0,0,0,2.947052947052947,0
39,1,2,20,3,1,3,1,3,2,7,4,0,4127,2,0,18,3,4,1,7,6,3,2,1,2,2,0.125,0.125,0.7,1.2,1.0,0.105,1,49524,103.175,0.25,0.3333333333333333,0.6666666666666666,0.6666666666666666,3.6666666666666665,14,9,0.25,0.6666666666666666,0.6666666666666666,1,0,0,2.0624687656171914,0
33,0,2,17,3,1,4,1,3,4,3,3,2,17444,1,0,11,3,4,0,10,2,3,10,8,6,0,0.125,0.09,0.7,0.9,1.2,0.0945,1,209328,513.0588235294117,0.9090909090909091,0.7272727272727273,0.0,0.5454545454545454,3.6666666666666665,14,9,0.36363636363636365,1.4285714285714286,5.0,0,1,1,4.359910022494376,0
26,0,2,29,2,3,2,1,1,2,7,1,2,4969,8,0,18,3,4,0,7,6,3,2,2,2,2,0.125,0.125,0.7,0.9,1.2,0.0945,0,59628,184.03703703703704,0.25,0.6666666666666666,0.6666666666666666,0.6666666666666666,2.3333333333333335,10,3,0.25,0.6666666666666666,0.2222222222222222,1,0,0,2.4832583708145926,0
34,1,1,9,4,1,4,1,3,2,2,1,1,5346,4,0,17,3,3,1,11,3,2,7,1,0,7,0.12,0.12,0.7,1.2,0.9,0.09072,1,64152,152.74285714285713,0.5833333333333334,0.125,0.875,0.0,2.6666666666666665,10,9,0.16666666666666666,7.0,1.4,0,0,0,2.6716641679160418,0
38,2,1,15,2,1,3,1,2,3,5,4,0,11510,0,1,14,3,2,1,12,3,3,11,10,2,9,0.12,0.1,1.3,1.0,1.0,0.156,1,138120,295.12820512820514,0.8461538461538461,0.8333333333333334,0.75,0.16666666666666666,3.0,12,6,0.23076923076923078,3.6666666666666665,11.0,0,1,0,3.835388203932023,15
29,2,1,7,3,1,3,1,3,2,0,4,0,6623,1,1,11,3,2,2,6,2,3,6,0,1,0,0.12,0.11,1.3,1.0,1.0,0.156,0,79476,220.76666666666668,0.8571428571428571,0.0,0.0,0.14285714285714285,3.0,12,9,0.2857142857142857,3.0,3.0,0,0,0,3.3098450774612695,7
27,2,1,11,1,1,2,1,3,1,2,1,1,2099,0,0,14,3,2,0,6,3,4,5,0,1,4,0.12,0.12,0.7,1.0,0.9,0.0756,0,25188,74.96428571428571,0.7142857142857143,0.0,0.6666666666666666,0.16666666666666666,1.6666666666666667,9,9,0.14285714285714285,2.5,5.0,0,0,0,2.096903096903097,0
46,2,1,13,4,1,3,1,3,2,0,2,2,5562,6,0,14,3,4,0,19,3,3,10,7,0,9,0.12,0.11,0.7,1.0,1.2,0.1007999999999999,2,66744,118.34042553191489,0.5,0.6363636363636364,0.8181818181818182,0.0,3.0,12,9,0.1,10.0,1.4285714285714286,0,1,0,2.7796101949025487,0
43,2,2,9,3,2,1,0,1,2,7,3,2,5346,8,0,13,3,2,0,7,2,2,4,3,1,3,0.125,0.125,0.7,1.0,1.2,0.105,2,64152,121.5,0.5,0.6,0.6,0.2,2.0,8,3,0.25,2.0,0.4444444444444444,0,0,0,2.6716641679160418,0
40,0,1,16,2,1,3,1,3,1,6,3,0,3544,9,0,16,3,2,1,6,0,3,4,2,0,0,0.12,0.12,0.7,0.9,1.0,0.0756,1,42528,86.4390243902439,0.5714285714285714,0.4,0.0,0.0,2.6666666666666665,11,9,0.14285714285714285,4.0,0.4,0,0,0,3.5404595404595405,0
39,2,1,23,3,3,3,1,3,1,6,1,2,3904,0,0,13,3,1,0,6,2,3,5,2,0,3,0.12,0.12,0.7,1.0,1.2,0.1007999999999999,1,46848,97.6,0.7142857142857143,0.3333333333333333,0.5,0.0,1.6666666666666667,8,9,0.14285714285714285,5.0,5.0,0,0,0,3.9000999000999,0
34,2,1,20,3,5,3,0,4,1,6,3,1,2585,0,0,17,3,4,0,2,5,2,1,0,0,0,0.12,0.12,0.7,1.0,0.9,0.0756,1,31020,73.85714285714286,0.3333333333333333,0.0,0.0,0.0,3.3333333333333335,12,12,0.3333333333333333,1.0,1.0,1,0,0,2.5824175824175826,0
30,2,2,7,4,2,4,0,3,2,7,1,0,4779,7,0,14,3,2,2,8,3,3,3,2,0,2,0.125,0.125,0.7,1.0,1.0,0.0875,0,57348,154.16129032258064,0.3333333333333333,0.5,0.5,0.0,2.3333333333333335,10,9,0.2222222222222222,3.0,0.375,0,0,0,2.3883058470764618,0
30,0,1,7,3,5,3,1,3,1,6,3,0,1274,1,0,13,3,2,2,1,2,2,1,0,0,0,0.12,0.12,0.7,0.9,1.0,0.0756,0,15288,41.096774193548384,0.5,0.0,0.0,0.0,2.6666666666666665,10,9,0.5,1.0,0.5,1,0,0,1.2727272727272727,0
34,0,2,4,4,2,3,0,3,2,7,3,1,6538,9,0,15,3,1,1,6,3,3,3,2,1,2,0.125,0.125,0.7,0.9,0.9,0.070875,1,78456,186.8,0.42857142857142855,0.5,0.5,0.25,2.3333333333333335,10,9,0.2857142857142857,1.5,0.3,0,0,0,3.267366316841579,0
55,2,1,1,3,3,4,1,3,5,3,1,2,19045,0,1,14,3,3,0,37,2,3,36,10,4,13,0.12,0.09,1.3,1.0,1.2,0.1872,3,228540,340.0892857142857,0.9473684210526315,0.2702702702702703,0.35135135135135137,0.10810810810810811,2.6666666666666665,11,9,0.13157894736842105,7.2,36.0,0,1,0,3.8082383523295342,1
41,2,2,2,5,1,2,0,3,4,3,1,1,16595,7,0,16,3,2,1,22,2,3,18,16,11,8,0.125,0.09,0.7,1.0,0.9,0.07875,2,199140,395.1190476190476,0.782608695652174,0.8421052631578947,0.42105263157894735,0.5789473684210527,1.6666666666666667,8,9,0.17391304347826086,1.5,2.25,0,1,1,4.147713071732067,0
46,0,1,7,4,3,3,0,3,2,4,3,1,5258,2,0,14,3,3,0,7,2,4,1,0,0,0,0.12,0.1,0.7,0.9,0.9,0.06804,2,63096,111.87234042553192,0.125,0.0,0.0,0.0,3.0,13,9,0.25,1.0,0.3333333333333333,1,0,0,2.627686156921539,0
31,2,0,8,2,3,4,0,4,1,1,2,2,2109,9,0,18,3,4,0,8,3,3,3,2,0,2,0.073,0.073,0.7,1.0,1.2,0.0613199999999999,1,25308,65.90625,0.3333333333333333,0.5,0.5,0.0,3.3333333333333335,13,12,0.1111111111111111,3.0,0.3,0,0,0,2.1068931068931067,0
41,2,2,8,3,2,3,0,3,2,7,2,1,4393,5,0,21,4,3,1,14,3,3,5,4,1,4,0.125,0.125,0.7,1.0,0.9,0.07875,2,52716,104.5952380952381,0.3333333333333333,0.6666666666666666,0.6666666666666666,0.16666666666666666,2.6666666666666665,11,12,0.13333333333333333,2.5,0.8333333333333334,0,0,0,2.1954022988505746,0
40,2,2,14,2,1,4,0,3,2,7,1,1,4639,1,0,15,3,3,1,5,2,3,5,4,1,2,0.125,0.125,0.7,1.0,0.9,0.07875,1,55668,113.14634146341463,0.8333333333333334,0.6666666666666666,0.3333333333333333,0.16666666666666666,2.6666666666666665,11,9,0.3333333333333333,2.5,2.5,0,0,0,2.3183408295852073,0
43,0,1,7,3,3,4,1,4,1,6,4,0,2089,4,0,14,3,4,3,7,3,4,5,4,2,2,0.12,0.12,0.7,0.9,1.0,0.0756,2,25068,47.47727272727273,0.625,0.6666666666666666,0.3333333333333333,0.3333333333333333,4.0,16,12,0.125,1.6666666666666667,1.0,0,0,0,2.086913086913087,0
35,2,1,25,2,4,1,1,2,2,2,4,2,3681,4,0,14,3,4,0,9,3,3,3,2,0,2,0.12,0.12,0.7,1.0,1.2,0.1007999999999999,1,44172,102.25,0.3,0.5,0.5,0.0,3.0,12,6,0.2,3.0,0.6,0,0,0,1.8395802098950524,0
53,2,2,2,2,3,3,1,3,4,3,3,0,14852,6,0,13,3,3,1,22,3,4,17,13,15,2,0.125,0.09,0.7,1.0,1.0,0.0875,3,178224,275.037037037037,0.7391304347826086,0.7222222222222222,0.1111111111111111,0.8333333333333334,3.0,13,9,0.17391304347826086,1.0625,2.4285714285714284,0,1,1,3.712071982004499,0
31,1,2,5,3,2,4,0,3,1,8,2,0,2789,1,0,11,3,3,1,2,5,2,2,2,2,2,0.125,0.125,0.7,1.2,1.0,0.105,1,33468,87.15625,0.6666666666666666,0.6666666666666666,0.6666666666666666,0.6666666666666666,3.0,11,9,0.3333333333333333,0.6666666666666666,1.0,1,0,0,2.786213786213786,0
21,2,1,15,2,1,3,1,3,1,6,4,2,1232,1,0,14,3,4,0,0,6,3,0,0,0,0,0.12,0.12,0.7,1.0,1.2,0.1007999999999999,0,14784,56.0,0.0,0.0,0.0,0.0,3.6666666666666665,14,9,1.0,0.0,0.0,1,0,0,1.2307692307692308,0
49,2,2,11,4,2,4,0,3,2,7,4,2,4507,3,0,12,3,3,0,8,1,4,5,1,0,4,0.125,0.125,0.7,1.0,1.2,0.105,2,54084,90.14,0.5555555555555556,0.16666666666666666,0.6666666666666666,0.0,3.6666666666666665,15,9,0.2222222222222222,5.0,1.25,0,0,0,2.2523738130934534,0
30,2,2,5,3,1,2,0,3,3,7,4,1,9419,2,0,12,3,3,1,12,2,3,10,9,7,4,0.125,0.125,0.7,1.0,0.9,0.07875,0,113028,303.83870967741933,0.7692307692307693,0.8181818181818182,0.36363636363636365,0.6363636363636364,3.0,12,9,0.23076923076923078,1.25,3.3333333333333335,0,1,1,3.1386204598467176,0
33,2,1,8,5,1,4,1,3,2,0,3,2,6388,2,1,17,3,1,0,14,6,3,0,0,0,0,0.12,0.11,1.3,1.0,1.2,0.1872,1,76656,187.88235294117646,0.0,0.0,0.0,0.0,2.6666666666666665,11,9,0.13333333333333333,0.0,0.0,1,0,0,3.1924037981009494,8
33,2,2,10,4,2,2,1,3,2,7,3,2,5487,1,0,14,3,2,0,10,2,2,10,4,0,9,0.125,0.125,0.7,1.0,1.2,0.105,1,65844,161.38235294117646,0.9090909090909091,0.36363636363636365,0.8181818181818182,0.0,2.3333333333333335,9,9,0.18181818181818182,10.0,5.0,0,1,0,2.742128935532234,0
29,2,1,1,2,1,2,0,2,1,2,1,1,2319,1,1,11,3,4,1,1,1,3,1,0,0,0,0.12,0.12,1.3,1.0,0.9,0.1404,0,27828,77.3,0.5,0.0,0.0,0.0,2.3333333333333335,10,6,0.5,1.0,0.5,1,0,0,2.3166833166833167,1
33,2,1,1,3,1,2,0,2,2,0,4,2,6949,0,0,14,3,1,0,6,3,3,5,0,1,4,0.12,0.11,0.7,1.0,1.2,0.1007999999999999,1,83388,204.38235294117646,0.7142857142857143,0.0,0.6666666666666666,0.16666666666666666,2.3333333333333335,10,6,0.2857142857142857,2.5,5.0,0,0,0,3.4727636181909047,0
28,1,2,7,3,1,3,1,3,2,7,1,2,4898,0,0,14,3,4,0,5,5,3,4,2,1,3,0.125,0.125,0.7,1.2,1.2,0.126,0,58776,168.89655172413794,0.6666666666666666,0.4,0.6,0.2,2.6666666666666665,11,9,0.3333333333333333,2.0,4.0,0,0,0,2.447776111944028,0
40,2,1,15,3,1,1,0,2,3,4,3,1,10435,1,0,13,3,4,2,18,2,3,18,15,14,12,0.12,0.1,0.7,1.0,0.9,0.0756,1,125220,254.5121951219512,0.9473684210526315,0.7894736842105263,0.631578947368421,0.7368421052631579,2.6666666666666665,11,6,0.15789473684210525,1.2,9.0,0,1,1,3.477174275241586,0
33,2,1,4,4,3,3,0,2,1,6,2,1,2622,6,0,21,4,4,0,7,3,3,3,2,1,1,0.12,0.12,0.7,1.0,0.9,0.0756,1,31464,77.11764705882354,0.375,0.5,0.25,0.25,3.0,12,8,0.125,1.5,0.42857142857142855,0,0,0,2.6193806193806193,0
23,2,1,26,1,1,3,1,3,1,6,4,0,2904,1,0,12,3,3,2,4,2,2,4,2,0,2,0.12,0.12,0.7,1.0,1.0,0.0839999999999999,0,34848,121.0,0.8,0.4,0.4,0.0,3.3333333333333335,12,9,0.2,4.0,2.0,0,0,0,2.901098901098901,0
46,2,2,1,2,2,2,0,3,3,7,1,0,10453,1,0,25,4,3,3,24,2,3,24,13,15,7,0.125,0.125,0.7,1.0,1.0,0.0875,2,125436,222.40425531914894,0.96,0.52,0.28,0.6,2.0,9,12,0.12,1.5,12.0,0,1,1,3.483172275908031,0
47,0,1,1,1,3,3,0,3,3,5,2,1,11957,0,0,18,3,1,2,14,3,1,13,8,5,12,0.12,0.1,0.7,0.9,0.9,0.06804,2,143484,249.10416666666666,0.8666666666666667,0.5714285714285714,0.8571428571428571,0.35714285714285715,2.0,7,9,0.2,2.1666666666666665,13.0,0,1,1,3.984338553815395,0
29,2,1,1,3,1,1,1,3,2,0,1,1,5373,0,0,12,3,1,1,6,5,2,5,3,0,2,0.12,0.11,0.7,1.0,0.9,0.0756,0,64476,179.1,0.7142857142857143,0.5,0.3333333333333333,0.0,1.0,5,9,0.2857142857142857,5.0,5.0,0,0,0,2.685157421289355,0
45,2,1,8,4,4,4,1,3,2,6,4,1,3697,9,0,14,3,1,2,12,3,3,10,9,9,8,0.12,0.12,0.7,1.0,0.9,0.0756,2,44364,80.3695652173913,0.7692307692307693,0.8181818181818182,0.7272727272727273,0.8181818181818182,3.0,12,9,0.15384615384615385,1.0,1.0,0,1,1,1.847576211894053,0
26,1,1,2,3,1,1,1,3,1,6,1,1,2042,6,1,14,3,2,1,6,2,3,3,2,1,2,0.12,0.12,1.3,1.2,0.9,0.16848,0,24504,75.62962962962963,0.42857142857142855,0.5,0.5,0.25,1.3333333333333333,7,9,0.14285714285714285,1.5,0.42857142857142855,0,0,0,2.03996003996004,2
47,2,2,2,4,1,4,0,2,1,8,4,2,3294,1,1,18,3,1,0,3,3,2,3,2,1,2,0.125,0.125,1.3,1.0,1.2,0.195,2,39528,68.625,0.75,0.5,0.5,0.25,3.0,11,6,0.25,1.5,1.5,0,0,0,3.2907092907092905,2
45,2,0,24,4,3,2,1,3,1,1,2,2,2177,1,0,16,3,1,0,6,3,3,6,3,0,4,0.073,0.073,0.7,1.0,1.2,0.0613199999999999,2,26124,47.32608695652174,0.8571428571428571,0.42857142857142855,0.5714285714285714,0.0,1.6666666666666667,8,9,0.14285714285714285,6.0,3.0,0,0,0,2.174825174825175,0
37,2,2,16,4,2,4,1,2,2,7,3,0,6334,4,0,19,3,4,2,9,2,3,1,0,0,0,0.125,0.125,0.7,1.0,1.0,0.0875,1,76008,166.68421052631578,0.1,0.0,0.0,0.0,3.6666666666666665,14,6,0.2,1.0,0.2,1,0,0,3.165417291354323,0
45,1,1,1,4,3,2,1,3,2,0,3,2,5399,4,0,12,3,3,0,12,3,3,4,2,0,3,0.12,0.11,0.7,1.2,1.2,0.1209599999999999,2,64788,117.3695652173913,0.3076923076923077,0.4,0.6,0.0,2.6666666666666665,11,9,0.15384615384615385,4.0,0.8,0,0,0,2.6981509245377313,0
27,2,2,9,3,2,4,1,3,2,7,4,2,4105,1,0,14,3,1,0,7,5,3,7,7,0,7,0.125,0.125,0.7,1.0,1.2,0.105,0,49260,146.60714285714286,0.875,0.875,0.875,0.0,3.0,12,9,0.25,7.0,3.5,0,0,0,2.051474262868566,0
40,2,2,7,4,3,2,1,3,5,3,2,2,19833,1,0,14,3,2,0,21,3,2,21,8,12,8,0.125,0.09,0.7,1.0,1.2,0.105,1,237996,483.7317073170732,0.9545454545454546,0.36363636363636365,0.36363636363636365,0.5454545454545454,2.0,8,9,0.22727272727272727,1.6153846153846154,10.5,0,1,1,3.9658068386322736,0
34,1,1,2,1,1,4,1,2,2,4,3,1,9547,1,0,17,3,3,0,10,2,2,10,9,1,9,0.12,0.1,0.7,1.2,0.9,0.09072,1,114564,272.77142857142854,0.9090909090909091,0.8181818181818182,0.8181818181818182,0.09090909090909091,3.3333333333333335,12,6,0.18181818181818182,5.0,5.0,0,1,0,4.771114442778611,0
36,2,1,7,4,4,2,1,3,1,6,4,2,4678,2,0,18,3,3,0,8,6,3,6,2,0,1,0.12,0.12,0.7,1.0,1.2,0.1007999999999999,1,56136,126.43243243243244,0.6666666666666666,0.2857142857142857,0.14285714285714285,0.0,3.0,12,9,0.1111111111111111,6.0,2.0,0,0,0,4.673326673326673,0
32,2,1,3,2,1,3,0,3,3,5,4,2,11159,3,0,15,3,4,0,10,6,3,7,7,7,7,0.12,0.1,0.7,1.0,1.2,0.1007999999999999,1,133908,338.1515151515151,0.6363636363636364,0.875,0.875,0.875,3.6666666666666665,14,9,0.2727272727272727,0.875,1.75,0,0,1,3.7184271909363544,0
33,1,2,7,3,3,4,1,3,2,7,1,1,4373,0,0,14,3,1,2,5,2,3,4,3,0,3,0.125,0.125,0.7,1.2,0.9,0.0945,1,52476,128.61764705882354,0.6666666666666666,0.6,0.6,0.0,2.0,9,9,0.3333333333333333,4.0,4.0,0,0,0,2.185407296351824,0
30,1,0,8,3,0,3,0,2,1,1,4,0,2180,6,0,11,3,3,1,6,0,2,4,2,1,2,0.073,0.073,0.7,1.2,1.0,0.0613199999999999,0,26160,70.3225806451613,0.5714285714285714,0.4,0.4,0.2,3.3333333333333335,12,6,0.14285714285714285,2.0,0.5714285714285714,0,0,0,2.177822177822178,0
38,2,2,3,3,1,1,1,3,3,7,3,0,10609,0,0,12,3,3,2,17,6,2,16,10,5,13,0.125,0.125,0.7,1.0,1.0,0.0875,1,127308,272.02564102564105,0.8888888888888888,0.5882352941176471,0.7647058823529411,0.29411764705882354,2.3333333333333335,9,9,0.16666666666666666,2.6666666666666665,16.0,0,1,1,3.53515494835055,0
48,2,1,6,3,1,1,1,2,2,0,3,2,4240,2,0,13,3,4,0,19,0,3,2,2,2,2,0.12,0.11,0.7,1.0,1.2,0.1007999999999999,2,50880,86.53061224489795,0.1,0.6666666666666666,0.6666666666666666,0.6666666666666666,2.6666666666666665,11,6,0.1,0.6666666666666666,0.6666666666666666,1,0,0,2.1189405297351325,0
38,2,2,16,3,1,2,0,3,2,7,2,2,4198,2,0,12,3,2,0,8,5,4,3,2,1,2,0.125,0.125,0.7,1.0,1.2,0.105,1,50376,107.64102564102564,0.3333333333333333,0.5,0.5,0.25,2.0,10,9,0.2222222222222222,1.5,1.0,0,0,0,2.097951024487756,0
42,2,2,4,4,2,2,1,3,2,7,1,2,5155,7,0,13,3,4,0,9,3,4,6,4,1,5,0.125,0.125,0.7,1.0,1.2,0.105,2,61860,119.88372093023256,0.6,0.5714285714285714,0.7142857142857143,0.14285714285714285,2.3333333333333335,11,9,0.2,3.0,0.75,0,0,0,2.5762118940529737,0
39,2,1,2,4,5,4,0,2,2,0,3,2,4553,1,0,11,3,1,0,20,4,3,20,7,11,10,0.12,0.11,0.7,1.0,1.2,0.1007999999999999,1,54636,113.825,0.9523809523809523,0.3333333333333333,0.47619047619047616,0.5238095238095238,2.6666666666666665,11,6,0.09523809523809523,1.6666666666666667,10.0,0,1,1,2.2753623188405796,0
37,2,1,14,3,1,4,0,3,1,2,1,0,3034,1,0,12,3,3,1,18,2,2,18,7,12,17,0.12,0.12,0.7,1.0,1.0,0.0839999999999999,1,36408,79.84210526315789,0.9473684210526315,0.3684210526315789,0.8947368421052632,0.631578947368421,2.6666666666666665,10,9,0.05263157894736842,1.3846153846153846,9.0,0,1,1,3.030969030969031,0
40,2,1,19,2,3,3,1,3,2,2,4,1,2741,8,1,15,3,3,1,15,2,4,7,2,3,7,0.12,0.12,1.3,1.0,0.9,0.1404,1,32892,66.85365853658537,0.4375,0.25,0.875,0.375,3.3333333333333335,14,9,0.125,1.75,0.7777777777777778,0,0,0,1.369815092453773,19
45,2,2,20,3,1,4,0,3,2,7,3,2,4850,8,0,15,3,3,0,8,3,3,5,3,0,1,0.125,0.125,0.7,1.0,1.2,0.105,2,58200,105.43478260869566,0.5555555555555556,0.5,0.16666666666666666,0.0,3.3333333333333335,13,9,0.2222222222222222,5.0,0.5555555555555556,0,0,0,2.4237881059470263,0
30,2,2,5,3,2,4,0,2,2,7,3,0,6118,1,0,13,3,3,3,10,2,3,10,9,1,2,0.125,0.125,0.7,1.0,1.0,0.0875,0,73416,197.3548387096774,0.9090909090909091,0.8181818181818182,0.18181818181818182,0.09090909090909091,3.3333333333333335,13,6,0.18181818181818182,5.0,5.0,0,1,0,3.057471264367816,0
48,2,1,10,3,1,4,1,2,5,5,2,1,19665,4,0,12,3,4,0,29,3,3,22,10,12,9,0.12,0.1,0.7,1.0,0.9,0.0756,2,235980,401.3265306122449,0.7333333333333333,0.43478260869565216,0.391304347826087,0.5217391304347826,3.3333333333333335,13,6,0.16666666666666666,1.6923076923076923,4.4,0,1,1,3.9322135572885424,0
28,2,1,2,4,3,3,1,3,1,6,3,2,4382,6,0,17,3,4,0,5,3,2,2,2,2,1,0.12,0.12,0.7,1.0,1.2,0.1007999999999999,0,52584,151.10344827586206,0.3333333333333333,0.6666666666666666,0.3333333333333333,0.6666666666666666,3.3333333333333335,12,9,0.16666666666666666,0.6666666666666666,0.2857142857142857,1,0,0,4.3776223776223775,0
34,2,2,3,3,4,4,1,1,2,7,1,2,4759,3,0,18,3,4,0,15,2,3,13,9,3,12,0.125,0.125,0.7,1.0,1.2,0.105,1,57108,135.97142857142856,0.8125,0.6428571428571429,0.8571428571428571,0.21428571428571427,3.0,12,3,0.125,3.25,3.25,0,1,0,2.3783108445777112,0
26,2,1,25,3,1,1,1,1,1,2,3,2,2293,1,0,12,3,3,0,1,2,2,1,0,0,1,0.12,0.12,0.7,1.0,1.2,0.1007999999999999,0,27516,84.92592592592592,0.5,0.0,0.5,0.0,2.3333333333333335,9,3,0.5,1.0,0.5,1,0,0,2.2907092907092905,0
51,2,0,5,3,1,3,1,3,4,3,2,0,14026,1,1,11,3,2,1,33,2,3,33,9,0,10,0.073,0.09,1.3,1.0,1.0,0.0949,3,168312,269.7307692307692,0.9705882352941176,0.2647058823529412,0.29411764705882354,0.0,2.3333333333333335,10,9,0.11764705882352941,33.0,16.5,0,1,0,3.5056235941014746,5
33,2,1,9,3,3,1,1,3,1,6,4,1,2781,0,0,13,3,2,1,15,5,3,14,10,4,10,0.12,0.12,0.7,1.0,0.9,0.0756,1,33372,81.79411764705883,0.875,0.6666666666666666,0.6666666666666666,0.26666666666666666,2.3333333333333335,10,9,0.0625,2.8,14.0,0,1,0,2.7782217782217784,0
38,1,1,2,4,1,1,0,4,2,4,1,2,5980,6,1,12,3,4,0,17,2,3,15,7,4,12,0.12,0.1,1.3,1.2,1.2,0.22464,1,71760,153.33333333333334,0.8333333333333334,0.4375,0.75,0.25,2.0,9,12,0.1111111111111111,3.0,2.142857142857143,0,1,0,2.9885057471264367,2
30,2,1,2,3,1,3,0,1,2,4,4,2,6091,2,0,20,4,3,0,11,2,3,5,4,0,2,0.12,0.1,0.7,1.0,1.2,0.1007999999999999,0,73092,196.48387096774192,0.4166666666666667,0.6666666666666666,0.3333333333333333,0.0,3.3333333333333335,13,4,0.16666666666666666,5.0,1.6666666666666667,0,0,0,3.0439780109945027,0
49,2,1,18,4,1,4,1,2,5,5,3,0,19502,1,1,17,3,3,1,31,5,3,31,9,0,9,0.12,0.1,1.3,1.0,1.0,0.156,2,234024,390.04,0.96875,0.28125,0.28125,0.0,3.3333333333333335,13,6,0.15625,31.0,15.5,0,1,0,3.899620075984803,18
38,2,2,9,3,2,2,1,2,1,8,2,1,2899,0,0,19,3,4,1,3,3,3,2,2,1,2,0.125,0.125,0.7,1.0,0.9,0.07875,1,34788,74.33333333333333,0.5,0.6666666666666666,0.6666666666666666,0.3333333333333333,2.6666666666666665,11,6,0.25,1.0,2.0,1,0,0,2.896103896103896,0
30,2,1,10,3,3,1,0,3,3,4,3,2,9667,9,0,14,3,2,0,9,3,3,7,7,0,2,0.12,0.1,0.7,1.0,1.2,0.1007999999999999,0,116004,311.83870967741933,0.7,0.875,0.25,0.0,2.0,9,9,0.3,7.0,0.7,0,0,0,3.2212595801399533,0
50,1,1,22,5,3,3,1,1,4,5,4,2,14411,1,1,13,3,4,0,32,2,3,32,6,13,9,0.12,0.1,1.3,1.2,1.2,0.22464,2,172932,282.5686274509804,0.9696969696969697,0.18181818181818182,0.2727272727272727,0.3939393939393939,3.6666666666666665,14,3,0.12121212121212122,2.2857142857142856,16.0,0,1,1,3.601849537615596,22
40,2,1,8,2,1,2,0,3,2,4,1,1,6516,2,1,16,3,2,1,18,3,3,1,0,0,0,0.12,0.1,1.3,1.0,0.9,0.1404,1,78192,158.9268292682927,0.05263157894736842,0.0,0.0,0.0,1.6666666666666667,8,9,0.10526315789473684,1.0,0.3333333333333333,1,0,0,3.2563718140929536,8
40,2,2,4,4,2,3,1,2,3,7,4,1,10855,7,0,11,3,1,1,15,2,2,12,11,2,11,0.125,0.125,0.7,1.0,0.9,0.07875,1,130260,264.7560975609756,0.75,0.8461538461538461,0.8461538461538461,0.15384615384615385,2.6666666666666665,10,6,0.1875,4.0,1.5,0,1,0,3.6171276241252914,0
44,2,1,4,2,1,3,1,4,5,3,1,0,19190,1,0,14,3,4,2,26,4,2,25,9,14,13,0.12,0.09,0.7,1.0,1.0,0.0839999999999999,2,230280,426.44444444444446,0.9259259259259259,0.34615384615384615,0.5,0.5384615384615384,2.6666666666666665,10,12,0.18518518518518517,1.6666666666666667,12.5,0,1,1,3.837232553489302,0
49,1,1,28,2,1,1,1,2,2,2,1,2,4284,3,0,20,4,1,0,20,2,3,4,3,1,3,0.12,0.12,0.7,1.2,1.2,0.1209599999999999,2,51408,85.68,0.19047619047619047,0.6,0.6,0.2,1.0,6,8,0.09523809523809523,2.0,1.0,0,0,0,2.1409295352323836,0
42,2,1,13,3,3,2,1,4,2,0,1,1,5538,5,0,18,3,3,2,10,2,2,0,0,0,0,0.12,0.11,0.7,1.0,0.9,0.0756,2,66456,128.7906976744186,0.0,0.0,0.0,0.0,2.0,8,12,0.18181818181818182,0.0,0.0,1,0,0,2.767616191904048,0
26,2,1,3,3,1,1,0,3,1,6,4,1,2061,1,0,21,4,1,0,1,5,3,1,0,0,0,0.12,0.12,0.7,1.0,0.9,0.0756,0,24732,76.33333333333333,0.5,0.0,0.0,0.0,2.0,9,12,0.5,1.0,0.5,1,0,0,2.058941058941059,0
20,1,2,9,3,2,4,0,3,1,8,4,2,2323,1,1,14,3,2,0,2,3,3,2,2,0,2,0.125,0.125,1.3,1.2,1.2,0.2339999999999999,0,27876,110.61904761904762,0.6666666666666666,0.6666666666666666,0.6666666666666666,0.0,3.3333333333333335,13,9,0.3333333333333333,2.0,1.0,1,0,0,2.3206793206793206,9
36,1,2,3,4,3,1,1,2,3,7,4,1,9699,4,0,11,3,1,1,16,2,3,13,9,1,12,0.125,0.125,0.7,1.2,0.9,0.0945,1,116388,262.13513513513516,0.7647058823529411,0.6428571428571429,0.8571428571428571,0.07142857142857142,2.0,9,6,0.17647058823529413,6.5,2.6,0,1,0,3.231922692435855,0
41,0,1,2,4,4,1,0,2,2,0,3,2,6811,2,1,17,3,1,0,10,3,3,8,7,0,7,0.12,0.11,1.3,0.9,1.2,0.16848,2,81732,162.16666666666666,0.7272727272727273,0.7777777777777778,0.7777777777777778,0.0,1.6666666666666667,8,6,0.18181818181818182,8.0,2.6666666666666665,0,0,0,3.4037981009495253,2
25,2,1,2,1,3,1,1,4,1,6,1,2,3424,7,0,13,3,3,0,6,3,2,4,3,0,1,0.12,0.12,0.7,1.0,1.2,0.1007999999999999,0,41088,131.69230769230768,0.5714285714285714,0.6,0.2,0.0,1.6666666666666667,7,12,0.14285714285714285,4.0,0.5,0,0,0,3.4205794205794207,0
36,2,2,11,4,2,2,0,2,2,7,4,1,6652,4,0,13,3,1,1,8,2,2,6,3,0,0,0.125,0.125,0.7,1.0,0.9,0.07875,1,79824,179.78378378378378,0.6666666666666666,0.42857142857142855,0.0,0.0,2.3333333333333335,9,6,0.2222222222222222,6.0,1.2,0,0,0,3.3243378310844576,0
38,2,1,1,4,1,2,0,4,2,0,4,2,7625,0,0,13,3,3,0,10,4,2,9,7,1,8,0.12,0.11,0.7,1.0,1.2,0.1007999999999999,1,91500,195.51282051282053,0.8181818181818182,0.7,0.8,0.1,3.0,11,12,0.18181818181818182,4.5,9.0,0,0,0,3.8105947026486757,0
52,0,1,19,4,3,4,1,3,1,6,4,1,4258,0,0,18,3,1,1,5,3,3,4,3,1,2,0.12,0.12,0.7,0.9,0.9,0.06804,3,51096,80.33962264150944,0.6666666666666666,0.6,0.4,0.2,3.0,12,9,0.16666666666666666,2.0,4.0,0,0,0,4.253746253746254,0
25,2,2,19,2,2,3,1,2,1,8,2,1,2413,1,1,18,3,3,3,1,2,3,1,0,0,0,0.125,0.125,1.3,1.0,0.9,0.14625,0,28956,92.8076923076923,0.5,0.0,0.0,0.0,2.6666666666666665,11,6,0.5,1.0,0.5,1,0,0,2.410589410589411,19
37,0,1,25,5,3,2,0,3,2,6,3,1,4449,3,1,15,3,1,2,15,2,3,13,11,10,7,0.12,0.12,1.3,0.9,0.9,0.12636,1,53388,117.07894736842105,0.8125,0.7857142857142857,0.5,0.7142857142857143,2.0,9,9,0.125,1.1818181818181819,3.25,0,1,1,2.2233883058470765,25
24,1,2,24,3,3,4,1,3,1,8,4,1,2400,0,0,13,3,3,2,3,3,3,2,2,2,1,0.125,0.125,0.7,1.2,0.9,0.0945,0,28800,96.0,0.5,0.6666666666666666,0.3333333333333333,0.6666666666666666,3.6666666666666665,14,9,0.25,0.6666666666666666,2.0,1,0,0,2.3976023976023977,0
38,2,1,10,3,3,3,0,3,2,0,3,1,9824,3,0,19,3,3,1,18,4,3,1,0,0,0,0.12,0.11,0.7,1.0,0.9,0.0756,1,117888,251.89743589743588,0.05263157894736842,0.0,0.0,0.0,3.0,12,9,0.10526315789473684,1.0,0.25,1,0,0,4.909545227386307,0
35,2,1,7,3,4,3,1,3,3,4,3,2,10221,3,0,21,4,2,0,17,3,4,8,5,1,6,0.12,0.1,0.7,1.0,1.2,0.1007999999999999,1,122652,283.9166666666667,0.4444444444444444,0.5555555555555556,0.6666666666666666,0.1111111111111111,2.6666666666666665,12,12,0.16666666666666666,4.0,2.0,0,0,0,3.405864711762746,0
35,0,1,2,2,3,2,1,3,2,4,4,0,5762,2,0,14,3,3,1,15,6,3,7,7,1,7,0.12,0.1,0.7,0.9,1.0,0.0756,1,69144,160.05555555555554,0.4375,0.875,0.875,0.125,3.0,12,9,0.125,3.5,2.3333333333333335,0,0,0,2.879560219890055,0
27,2,1,4,3,1,2,1,4,2,4,2,1,6142,1,1,20,4,2,1,6,0,3,6,2,0,3,0.12,0.1,1.3,1.0,0.9,0.1404,0,73704,219.35714285714286,0.8571428571428571,0.2857142857142857,0.42857142857142855,0.0,2.0,9,16,0.2857142857142857,6.0,3.0,0,0,0,3.0694652673663168,4
39,2,1,10,5,3,2,1,3,2,4,1,1,5377,2,0,13,3,4,3,10,3,3,7,7,7,7,0.12,0.1,0.7,1.0,0.9,0.0756,1,64524,134.425,0.6363636363636364,0.875,0.875,0.875,2.3333333333333335,10,9,0.18181818181818182,0.875,2.3333333333333335,0,0,1,2.6871564217891053,0
40,2,1,2,3,3,3,1,3,1,6,3,0,2345,2,0,14,3,3,1,8,3,4,3,1,1,2,0.12,0.12,0.7,1.0,1.0,0.0839999999999999,1,28140,57.19512195121951,0.3333333333333333,0.25,0.5,0.25,3.0,13,9,0.1111111111111111,1.5,1.0,0,0,0,2.3426573426573425,0
46,2,1,2,2,1,4,1,3,3,4,4,0,8578,3,0,14,3,3,1,12,4,2,9,8,4,7,0.12,0.1,0.7,1.0,1.0,0.0839999999999999,2,102936,182.51063829787233,0.6923076923076923,0.8,0.7,0.4,3.6666666666666665,13,9,0.23076923076923078,1.8,2.25,0,0,0,2.85838053982006,0
31,2,2,29,4,2,1,0,2,2,7,4,1,5468,1,0,14,3,1,2,13,3,3,12,7,5,7,0.125,0.125,0.7,1.0,0.9,0.07875,1,65616,170.875,0.8571428571428571,0.5384615384615384,0.5384615384615384,0.38461538461538464,2.0,9,6,0.14285714285714285,2.0,6.0,0,1,1,2.732633683158421,0
32,1,1,5,2,1,1,0,4,1,6,3,2,2432,3,1,14,3,1,0,8,2,3,4,1,0,3,0.12,0.12,1.3,1.2,1.2,0.22464,1,29184,73.6969696969697,0.4444444444444444,0.2,0.6,0.0,1.6666666666666667,8,12,0.1111111111111111,4.0,1.0,0,0,0,2.4295704295704295,5
32,2,2,4,2,1,3,0,3,1,8,2,1,3931,2,0,11,3,1,1,6,5,3,4,3,1,2,0.125,0.125,0.7,1.0,0.9,0.07875,1,47172,119.12121212121212,0.5714285714285714,0.6,0.4,0.2,2.0,9,9,0.14285714285714285,2.0,1.3333333333333333,0,0,0,3.927072927072927,0
35,1,1,18,2,1,3,1,3,3,4,4,2,9362,2,0,11,3,3,0,10,2,3,2,2,2,2,0.12,0.1,0.7,1.2,1.2,0.1209599999999999,1,112344,260.05555555555554,0.18181818181818182,0.6666666666666666,0.6666666666666666,0.6666666666666666,3.3333333333333335,13,9,0.2727272727272727,0.6666666666666666,0.6666666666666666,1,0,0,3.1196267910696434,0
47,2,1,25,3,3,1,1,3,3,0,3,2,8633,2,0,23,4,2,0,25,3,3,17,14,12,11,0.12,0.11,0.7,1.0,1.2,0.1007999999999999,2,103596,179.85416666666666,0.6538461538461539,0.7777777777777778,0.6111111111111112,0.6666666666666666,2.0,9,12,0.11538461538461539,1.3076923076923077,5.666666666666667,0,1,1,2.8767077640786405,0
30,0,1,9,2,3,3,0,3,2,4,3,2,4695,7,1,18,3,3,0,10,3,3,8,4,1,7,0.12,0.1,1.3,0.9,1.2,0.16848,0,56340,151.4516129032258,0.7272727272727273,0.4444444444444444,0.7777777777777778,0.1111111111111111,3.0,12,9,0.18181818181818182,4.0,1.0,0,0,0,2.346326836581709,9
54,2,1,10,3,3,3,0,3,2,4,1,2,4440,6,1,19,3,4,0,9,3,3,5,2,1,4,0.12,0.1,1.3,1.0,1.2,0.1872,3,53280,80.72727272727273,0.5,0.3333333333333333,0.6666666666666666,0.16666666666666666,2.6666666666666665,11,9,0.2,2.5,0.7142857142857143,0,0,0,2.2188905547226385,10
23,2,1,4,3,3,1,1,4,1,6,1,1,2819,2,0,16,3,1,1,5,3,4,3,2,0,2,0.12,0.12,0.7,1.0,0.9,0.0756,0,33828,117.45833333333333,0.5,0.5,0.5,0.0,1.0,7,12,0.16666666666666666,3.0,1.0,0,0,0,2.816183816183816,0
29,2,1,18,1,3,3,1,2,1,6,4,2,2389,1,1,13,3,3,0,4,3,2,4,3,0,1,0.12,0.12,1.3,1.0,1.2,0.1872,0,28668,79.63333333333334,0.8,0.6,0.2,0.0,3.3333333333333335,12,6,0.2,4.0,2.0,0,0,0,2.3866133866133867,18
27,2,1,4,3,1,2,0,3,1,6,3,2,2318,1,0,19,3,3,0,1,2,3,1,1,0,0,0.12,0.12,0.7,1.0,1.2,0.1007999999999999,0,27816,82.78571428571429,0.5,0.5,0.0,0.0,2.6666666666666665,11,9,0.5,1.0,0.5,1,0,0,2.3156843156843157,0
51,2,1,3,3,5,1,0,3,3,3,3,1,13116,2,0,11,3,4,0,15,2,3,2,2,2,2,0.12,0.09,0.7,1.0,0.9,0.0756,3,157392,252.23076923076923,0.125,0.6666666666666666,0.6666666666666666,0.6666666666666666,2.6666666666666665,11,9,0.1875,0.6666666666666666,0.6666666666666666,1,0,0,4.370543152282573,0
42,2,1,3,3,1,3,0,4,2,2,4,1,5231,2,1,13,3,2,1,17,1,2,5,3,1,3,0.12,0.12,1.3,1.0,0.9,0.1404,2,62772,121.65116279069767,0.2777777777777778,0.5,0.5,0.16666666666666666,3.0,11,12,0.1111111111111111,2.5,1.6666666666666667,0,0,0,2.614192903548226,3
41,1,1,10,3,1,4,1,2,4,3,1,0,17181,4,0,13,3,2,1,21,2,2,7,6,7,7,0.12,0.09,0.7,1.2,1.0,0.1007999999999999,2,206172,409.07142857142856,0.3181818181818182,0.75,0.875,0.875,2.3333333333333335,9,6,0.18181818181818182,0.875,1.4,0,0,1,4.294176455886029,0
33,1,1,3,3,1,1,1,3,1,6,1,2,3348,1,1,11,3,1,0,10,3,3,10,8,9,7,0.12,0.12,1.3,1.2,1.2,0.22464,1,40176,98.47058823529412,0.9090909090909091,0.7272727272727273,0.6363636363636364,0.8181818181818182,1.0,6,9,0.09090909090909091,1.0,5.0,0,1,1,3.3446553446553446,3
40,2,1,2,4,1,3,1,2,1,6,3,2,2809,2,0,14,3,4,0,8,2,3,2,2,2,2,0.12,0.12,0.7,1.0,1.2,0.1007999999999999,1,33708,68.51219512195122,0.2222222222222222,0.6666666666666666,0.6666666666666666,0.6666666666666666,3.3333333333333335,13,6,0.1111111111111111,0.6666666666666666,0.6666666666666666,1,0,0,2.8061938061938063,0
33,2,1,1,4,4,4,1,3,1,6,4,2,2686,1,1,13,3,3,0,10,2,2,10,9,7,8,0.12,0.12,1.3,1.0,1.2,0.1872,1,32232,79.0,0.9090909090909091,0.8181818181818182,0.7272727272727273,0.6363636363636364,3.6666666666666665,13,9,0.09090909090909091,1.25,5.0,0,1,1,2.6833166833166833,1
27,1,1,10,2,1,4,1,3,3,4,1,0,8793,1,0,21,4,3,2,9,4,2,9,7,1,7,0.12,0.1,0.7,1.2,1.0,0.1007999999999999,0,105516,314.0357142857143,0.9,0.7,0.7,0.1,2.6666666666666665,10,12,0.3,4.5,4.5,0,0,0,2.9300233255581474,0
42,2,1,23,5,1,1,0,3,4,5,4,2,15992,2,0,14,3,2,0,16,2,3,1,0,0,0,0.12,0.1,0.7,1.0,1.2,0.1007999999999999,2,191904,371.90697674418607,0.058823529411764705,0.0,0.0,0.0,2.3333333333333335,10,9,0.23529411764705882,1.0,0.3333333333333333,1,0,0,3.997000749812547,0
31,1,1,20,3,1,1,1,3,3,0,3,1,9824,3,0,12,3,1,0,12,2,3,1,0,0,0,0.12,0.11,0.7,1.2,0.9,0.09072,1,117888,307.0,0.07692307692307693,0.0,0.0,0.0,1.6666666666666667,8,9,0.23076923076923078,1.0,0.25,1,0,0,3.2735754748417194,0
37,2,1,1,4,1,1,1,2,2,4,3,0,5993,1,0,18,3,3,1,7,2,4,7,5,0,7,0.12,0.1,0.7,1.0,1.0,0.0839999999999999,1,71916,157.71052631578948,0.875,0.625,0.875,0.0,2.3333333333333335,11,6,0.25,7.0,3.5,0,0,0,2.9950024987506247,0
40,2,1,2,3,3,2,0,2,2,2,3,1,3448,6,0,22,4,2,1,20,3,3,1,0,0,0,0.12,0.12,0.7,1.0,0.9,0.0756,1,41376,84.09756097560975,0.047619047619047616,0.0,0.0,0.0,2.3333333333333335,10,8,0.09523809523809523,1.0,0.14285714285714285,1,0,0,1.7231384307846076,0
50,2,1,1,3,3,3,1,2,1,2,3,1,3690,2,0,15,3,4,1,5,2,2,3,2,0,2,0.12,0.12,0.7,1.0,0.9,0.0756,2,44280,72.3529411764706,0.5,0.5,0.5,0.0,3.3333333333333335,12,6,0.16666666666666666,3.0,1.0,0,0,0,3.6863136863136865,0
31,2,2,7,3,1,3,1,2,3,3,4,0,11557,9,0,21,4,3,1,10,3,2,5,4,0,1,0.125,0.09,0.7,1.0,1.0,0.0875,1,138684,361.15625,0.45454545454545453,0.6666666666666666,0.16666666666666666,0.0,3.3333333333333335,12,8,0.2727272727272727,5.0,0.5,0,0,0,3.851049650116628,0
26,1,0,17,4,1,2,0,3,1,1,3,0,2741,0,1,11,3,2,1,8,2,2,7,7,1,0,0.073,0.073,1.3,1.2,1.0,0.11388,0,32892,101.51851851851852,0.7777777777777778,0.875,0.0,0.125,2.3333333333333335,9,9,0.1111111111111111,3.5,7.0,0,0,0,2.7382617382617385,17
38,2,1,29,3,5,4,1,3,2,4,4,1,6261,3,0,18,3,1,1,9,3,1,7,7,1,7,0.12,0.1,0.7,1.0,0.9,0.0756,1,75132,160.53846153846155,0.7,0.875,0.875,0.125,3.0,10,9,0.2,3.5,1.75,0,0,0,3.128935532233883,0
22,2,1,3,1,1,2,0,3,2,4,3,1,4171,0,1,19,3,1,1,4,3,4,3,2,0,2,0.12,0.1,1.3,1.0,0.9,0.1404,0,50052,181.34782608695653,0.6,0.5,0.5,0.0,2.0,10,9,0.4,3.0,3.0,0,0,0,2.084457771114443,3
31,2,2,16,4,2,1,1,3,3,7,3,1,8161,2,0,13,3,1,3,10,2,3,1,0,0,0,0.125,0.125,0.7,1.0,0.9,0.07875,1,97932,255.03125,0.09090909090909091,0.0,0.0,0.0,1.6666666666666667,8,9,0.2727272727272727,1.0,0.3333333333333333,1,0,0,2.719426857714095,0
51,2,1,3,3,3,4,0,3,4,0,2,2,13734,3,0,18,3,3,0,21,6,3,7,7,1,0,0.12,0.11,0.7,1.0,1.2,0.1007999999999999,3,164808,264.11538461538464,0.3181818181818182,0.875,0.0,0.125,3.0,12,9,0.18181818181818182,3.5,1.75,0,0,0,3.432641839540115,0
52,2,1,1,4,1,3,1,2,5,3,3,1,19999,0,0,14,3,1,1,34,5,3,33,18,11,9,0.12,0.09,0.7,1.0,0.9,0.0756,3,239988,377.33962264150944,0.9428571428571428,0.5294117647058824,0.2647058823529412,0.3235294117647059,2.3333333333333335,10,6,0.14285714285714285,2.75,33.0,0,1,1,3.999000199960008,0
25,2,1,3,3,3,1,1,3,1,2,1,1,4031,5,0,13,3,3,1,6,5,3,2,2,0,2,0.12,0.12,0.7,1.0,0.9,0.0756,0,48372,155.03846153846155,0.2857142857142857,0.6666666666666666,0.6666666666666666,0.0,1.6666666666666667,8,9,0.14285714285714285,2.0,0.3333333333333333,1,0,0,4.026973026973027,0
35,2,2,7,1,1,4,1,3,1,8,3,1,2404,1,0,13,3,1,1,1,3,3,1,0,0,0,0.125,0.125,0.7,1.0,0.9,0.07875,1,28848,66.77777777777777,0.5,0.0,0.0,0.0,2.6666666666666665,11,9,0.5,1.0,0.5,1,0,0,2.4015984015984015,0
29,2,1,27,3,3,2,0,3,2,0,3,1,4335,4,0,12,3,1,1,11,3,2,8,7,1,1,0.12,0.11,0.7,1.0,0.9,0.0756,0,52020,144.5,0.6666666666666666,0.7777777777777778,0.1111111111111111,0.1111111111111111,2.0,8,9,0.16666666666666666,4.0,1.6,0,0,0,2.166416791604198,0
49,2,1,1,3,1,3,1,3,4,3,3,2,15379,4,0,14,3,1,0,23,2,3,8,7,0,0,0.12,0.09,0.7,1.0,1.2,0.1007999999999999,2,184548,307.58,0.3333333333333333,0.7777777777777778,0.0,0.0,2.3333333333333335,10,9,0.16666666666666666,8.0,1.6,0,0,0,3.843789052736816,0
38,1,1,2,2,1,4,1,3,1,2,4,1,1702,1,1,23,4,3,1,1,3,3,1,0,0,0,0.12,0.12,1.3,1.2,0.9,0.16848,1,20424,43.64102564102564,0.5,0.0,0.0,0.0,3.6666666666666665,14,12,0.5,1.0,0.5,1,0,0,1.7002997002997002,2
55,2,1,4,4,1,4,1,3,2,0,3,1,4035,0,1,16,3,2,0,4,2,3,3,2,1,2,0.12,0.11,1.3,1.0,0.9,0.1404,3,48420,72.05357142857143,0.6,0.5,0.5,0.25,3.0,12,9,0.4,1.5,3.0,0,0,0,2.0164917541229386,4
40,2,1,1,3,1,3,0,3,2,0,4,0,6513,4,0,17,3,4,1,12,3,3,5,3,0,3,0.12,0.11,0.7,1.0,1.0,0.0839999999999999,1,78156,158.85365853658536,0.38461538461538464,0.5,0.5,0.0,3.6666666666666665,14,9,0.15384615384615385,5.0,1.0,0,0,0,3.254872563718141,0
33,2,1,15,1,3,2,1,3,3,3,3,1,13610,7,1,12,3,4,0,15,2,4,7,6,7,7,0.12,0.09,1.3,1.0,0.9,0.1404,1,163320,400.29411764705884,0.4375,0.75,0.875,0.875,3.0,13,9,0.1875,0.875,0.875,0,0,1,4.5351549483505496,15
30,2,1,16,1,1,2,1,3,1,6,4,1,2862,1,0,12,3,2,1,10,2,2,10,0,0,8,0.12,0.12,0.7,1.0,0.9,0.0756,0,34344,92.3225806451613,0.9090909090909091,0.0,0.7272727272727273,0.0,2.6666666666666665,10,9,0.09090909090909091,10.0,5.0,0,1,0,2.8591408591408594,0
30,1,2,12,4,1,2,1,2,1,8,1,1,2033,1,0,18,3,3,1,1,2,4,1,0,0,0,0.125,0.125,0.7,1.2,0.9,0.0945,0,24396,65.58064516129032,0.5,0.0,0.0,0.0,2.0,10,6,0.5,1.0,0.5,1,0,0,2.030969030969031,0
39,0,1,2,3,1,1,0,2,1,2,1,2,3646,2,1,23,4,2,0,11,2,4,1,0,0,0,0.12,0.12,1.3,0.9,1.2,0.16848,1,43752,91.15,0.08333333333333333,0.0,0.0,0.0,1.3333333333333333,8,8,0.08333333333333333,1.0,0.3333333333333333,1,0,0,3.6423576423576423,2
43,2,2,16,3,2,4,0,3,4,3,4,1,16064,5,1,22,4,3,1,22,3,3,17,13,1,9,0.125,0.09,1.3,1.0,0.9,0.14625,2,192768,365.09090909090907,0.7391304347826086,0.7222222222222222,0.5,0.05555555555555555,3.6666666666666665,14,12,0.17391304347826086,8.5,2.8333333333333335,0,1,0,4.014996250937266,16
39,2,2,3,2,3,4,0,3,2,7,3,1,5238,4,1,18,3,1,0,12,3,2,1,0,0,0,0.125,0.125,1.3,1.0,0.9,0.14625,1,62856,130.95,0.07692307692307693,0.0,0.0,0.0,2.6666666666666665,10,9,0.15384615384615385,1.0,0.2,1,0,0,2.6176911544227885,3
21,2,2,12,3,1,3,0,4,1,8,2,2,2716,1,0,15,3,4,0,1,0,3,1,0,0,0,0.125,0.125,0.7,1.0,1.2,0.105,0,32592,123.45454545454545,0.5,0.0,0.0,0.0,3.0,12,12,0.5,1.0,0.5,1,0,0,2.7132867132867133,0
34,1,1,1,4,4,4,1,3,1,6,1,0,2996,5,0,14,3,3,2,10,2,3,4,3,1,3,0.12,0.12,0.7,1.2,1.0,0.1007999999999999,1,35952,85.6,0.36363636363636365,0.6,0.6,0.2,2.6666666666666665,11,9,0.09090909090909091,2.0,0.6666666666666666,0,0,0,2.993006993006993,0
51,2,1,4,4,1,1,1,3,1,6,3,1,2461,9,1,12,3,3,3,18,2,4,10,0,2,7,0.12,0.12,1.3,1.0,0.9,0.1404,3,29532,47.32692307692308,0.5263157894736842,0.0,0.6363636363636364,0.18181818181818182,2.3333333333333335,11,9,0.05263157894736842,3.3333333333333335,1.0,0,1,0,2.4585414585414584,4
46,2,2,2,3,2,3,0,3,4,3,1,1,17048,8,0,23,4,1,0,28,2,3,26,15,15,9,0.125,0.09,0.7,1.0,0.9,0.07875,2,204576,362.72340425531917,0.896551724137931,0.5555555555555556,0.3333333333333333,0.5555555555555556,1.6666666666666667,8,12,0.13793103448275862,1.625,2.888888888888889,0,1,1,4.260934766308423,0
46,2,1,1,4,3,4,1,3,3,0,1,0,9396,7,0,16,3,3,1,17,3,3,4,2,0,3,0.12,0.11,0.7,1.0,1.0,0.0839999999999999,2,112752,199.91489361702128,0.2222222222222222,0.4,0.6,0.0,2.6666666666666665,11,9,0.16666666666666666,4.0,0.5,0,0,0,3.1309563478840388,0
34,2,1,19,3,1,2,0,2,1,6,4,1,2929,1,0,12,3,2,0,10,3,3,10,9,8,7,0.12,0.12,0.7,1.0,0.9,0.0756,1,35148,83.68571428571428,0.9090909090909091,0.8181818181818182,0.6363636363636364,0.7272727272727273,2.6666666666666665,11,6,0.09090909090909091,1.1111111111111112,5.0,0,1,1,2.926073926073926,0
31,2,1,2,1,3,4,0,1,1,2,4,0,1129,1,1,11,3,3,3,1,4,3,1,0,0,0,0.12,0.12,1.3,1.0,1.0,0.156,1,13548,35.28125,0.5,0.0,0.0,0.0,3.6666666666666665,14,3,0.5,1.0,0.5,1,0,0,1.127872127872128,2
31,2,2,7,3,5,2,1,4,2,7,4,1,6929,4,0,11,3,2,1,10,3,2,8,7,7,7,0.125,0.125,0.7,1.0,0.9,0.07875,1,83148,216.53125,0.7272727272727273,0.7777777777777778,0.7777777777777778,0.7777777777777778,2.6666666666666665,10,12,0.18181818181818182,1.0,1.6,0,0,1,3.4627686156921538,0
36,2,1,1,3,5,3,0,1,3,4,1,0,10252,2,1,21,4,3,1,17,2,3,7,7,7,7,0.12,0.1,1.3,1.0,1.0,0.156,1,123024,277.0810810810811,0.3888888888888889,0.875,0.875,0.875,2.3333333333333335,10,4,0.16666666666666666,0.875,2.3333333333333335,0,0,1,3.4161946017994,1
49,1,1,2,1,1,2,1,3,5,5,4,1,19161,3,0,15,3,4,0,28,3,3,5,4,4,3,0.12,0.1,0.7,1.2,0.9,0.09072,2,229932,383.22,0.1724137931034483,0.6666666666666666,0.5,0.6666666666666666,3.3333333333333335,13,9,0.1724137931034483,1.0,1.25,0,0,0,3.8314337132573484,0
25,2,2,4,2,1,2,0,2,2,7,4,2,4487,1,1,11,3,2,0,5,3,3,5,4,1,3,0.125,0.125,1.3,1.0,1.2,0.195,0,53844,172.57692307692307,0.8333333333333334,0.6666666666666666,0.5,0.16666666666666666,2.6666666666666665,11,6,0.3333333333333333,2.5,2.5,0,0,0,2.2423788105947025,4
26,2,2,4,4,2,4,1,2,2,7,4,2,5828,1,1,12,3,2,0,8,0,3,8,7,7,4,0.125,0.125,1.3,1.0,1.2,0.195,0,69936,215.85185185185185,0.8888888888888888,0.7777777777777778,0.4444444444444444,0.7777777777777778,3.3333333333333335,13,6,0.2222222222222222,1.0,4.0,0,0,1,2.912543728135932,4
36,1,1,4,2,1,4,0,3,2,4,2,0,5131,7,0,13,3,2,3,18,3,3,4,2,0,2,0.12,0.1,0.7,1.2,1.0,0.1007999999999999,1,61572,138.67567567567568,0.21052631578947367,0.4,0.4,0.0,2.6666666666666665,11,9,0.10526315789473684,4.0,0.5,0,0,0,2.5642178910544726,0
36,1,1,23,2,3,3,1,4,2,2,4,1,2571,4,0,17,3,3,1,17,3,3,5,2,0,3,0.12,0.12,0.7,1.2,0.9,0.09072,1,30852,69.48648648648648,0.2777777777777778,0.3333333333333333,0.5,0.0,3.3333333333333335,13,12,0.1111111111111111,5.0,1.0,0,0,0,1.2848575712143928,0
23,2,2,2,1,5,3,1,3,1,8,1,0,2322,3,0,13,3,3,1,3,3,3,0,0,0,0,0.125,0.125,0.7,1.0,1.0,0.0875,0,27864,96.75,0.0,0.0,0.0,0.0,2.3333333333333335,10,9,0.25,0.0,0.0,1,0,0,2.3196803196803195,0
50,1,2,1,4,1,2,1,3,2,7,3,0,6728,7,0,12,3,4,2,12,3,3,6,3,0,1,0.125,0.125,0.7,1.2,1.0,0.105,2,80736,131.92156862745097,0.46153846153846156,0.42857142857142855,0.14285714285714285,0.0,3.0,12,9,0.15384615384615385,6.0,0.75,0,0,0,3.36231884057971,0
35,2,1,10,4,3,1,0,3,2,0,3,2,6142,3,1,16,3,3,0,10,4,3,5,2,0,4,0.12,0.11,1.3,1.0,1.2,0.1872,1,73704,170.61111111111111,0.45454545454545453,0.3333333333333333,0.6666666666666666,0.0,2.3333333333333335,10,9,0.18181818181818182,5.0,1.25,0,0,0,3.0694652673663168,10
42,0,1,21,2,3,3,0,3,2,4,3,0,5265,2,0,16,3,2,1,11,5,3,5,3,0,2,0.12,0.1,0.7,0.9,1.0,0.0756,2,63180,122.44186046511628,0.4166666666666667,0.5,0.3333333333333333,0.0,2.6666666666666665,11,9,0.16666666666666666,5.0,1.6666666666666667,0,0,0,2.631184407796102,0
40,2,1,2,2,1,3,0,3,1,2,1,1,3377,4,0,17,3,4,1,7,5,2,4,3,0,2,0.12,0.12,0.7,1.0,0.9,0.0756,1,40524,82.36585365853658,0.5,0.6,0.4,0.0,2.6666666666666665,10,9,0.125,4.0,0.8,0,0,0,3.3736263736263736,0
21,1,2,1,1,5,1,0,2,1,8,2,2,2174,1,1,11,3,3,0,3,3,3,3,2,1,2,0.125,0.125,1.3,1.2,1.2,0.2339999999999999,0,26088,98.81818181818181,0.75,0.5,0.5,0.25,2.0,9,6,0.25,1.5,1.5,0,0,0,2.171828171828172,1
28,1,1,2,3,1,4,1,2,1,2,4,1,3867,1,1,12,3,2,1,2,2,3,2,2,2,2,0.12,0.12,1.3,1.2,0.9,0.16848,0,46404,133.3448275862069,0.6666666666666666,0.6666666666666666,0.6666666666666666,0.6666666666666666,3.3333333333333335,13,6,0.3333333333333333,0.6666666666666666,1.0,1,0,0,3.863136863136863,2
34,2,2,28,3,2,4,0,2,2,7,3,1,6712,1,0,21,4,4,2,8,2,3,8,7,1,7,0.125,0.125,0.7,1.0,0.9,0.07875,1,80544,191.77142857142857,0.8888888888888888,0.7777777777777778,0.7777777777777778,0.1111111111111111,3.6666666666666665,14,8,0.2222222222222222,4.0,4.0,0,0,0,3.3543228385807096,0
29,2,1,7,1,3,1,0,2,1,2,4,0,2532,6,0,14,3,3,3,8,5,3,4,3,0,3,0.12,0.12,0.7,1.0,1.0,0.0839999999999999,0,30384,84.4,0.4444444444444444,0.6,0.6,0.0,2.6666666666666665,11,6,0.1111111111111111,4.0,0.5714285714285714,0,0,0,2.5294705294705295,0
33,2,1,28,4,1,2,1,3,2,2,3,1,5207,1,1,12,3,2,1,15,3,3,15,14,5,7,0.12,0.12,1.3,1.0,0.9,0.1404,1,62484,153.14705882352942,0.9375,0.875,0.4375,0.3125,2.3333333333333335,10,9,0.125,2.5,7.5,0,1,1,2.602198900549725,28
30,2,2,1,3,1,2,1,2,2,7,1,1,9714,1,0,11,3,4,1,10,4,3,10,8,6,7,0.125,0.125,0.7,1.0,0.9,0.07875,0,116568,313.35483870967744,0.9090909090909091,0.7272727272727273,0.6363636363636364,0.5454545454545454,2.3333333333333335,10,6,0.18181818181818182,1.4285714285714286,5.0,0,1,1,4.854572713643178,0
46,2,1,2,4,5,4,1,3,2,4,4,0,7379,2,0,11,3,3,1,12,3,2,6,3,1,4,0.12,0.1,0.7,1.0,1.0,0.0839999999999999,2,88548,157.0,0.46153846153846156,0.42857142857142855,0.5714285714285714,0.14285714285714285,3.6666666666666665,13,9,0.15384615384615385,3.0,2.0,0,0,0,3.687656171914043,0
31,2,1,11,4,1,4,1,3,1,6,4,1,2356,3,1,19,3,2,1,8,2,3,6,4,0,2,0.12,0.12,1.3,1.0,0.9,0.1404,1,28272,73.625,0.6666666666666666,0.5714285714285714,0.2857142857142857,0.0,3.3333333333333335,13,9,0.1111111111111111,6.0,1.5,0,0,0,2.3536463536463534,11
32,1,2,10,4,2,4,1,3,2,7,4,2,4648,8,0,13,3,3,0,4,2,4,0,0,0,0,0.125,0.125,0.7,1.2,1.2,0.126,1,55776,140.84848484848484,0.0,0.0,0.0,0.0,3.6666666666666665,15,9,0.4,0.0,0.0,1,0,0,2.322838580709645,0
34,0,1,16,4,5,4,1,1,1,6,1,1,2307,1,1,23,4,2,1,5,2,3,5,2,3,0,0.12,0.12,1.3,0.9,0.9,0.12636,1,27684,65.91428571428571,0.8333333333333334,0.3333333333333333,0.0,0.5,2.3333333333333335,10,4,0.16666666666666666,1.25,2.5,0,0,0,2.3046953046953047,16
25,2,2,28,3,1,1,1,2,2,7,3,1,8639,2,0,18,3,4,0,6,3,3,2,2,2,2,0.125,0.125,0.7,1.0,0.9,0.07875,0,103668,332.2692307692308,0.2857142857142857,0.6666666666666666,0.6666666666666666,0.6666666666666666,2.6666666666666665,11,6,0.2857142857142857,0.6666666666666666,0.6666666666666666,1,0,0,4.317341329335332,0
30,2,2,8,2,4,3,1,3,3,7,3,0,7264,5,0,11,3,1,1,10,2,4,8,4,7,7,0.125,0.125,0.7,1.0,1.0,0.0875,0,87168,234.32258064516128,0.7272727272727273,0.4444444444444444,0.7777777777777778,0.7777777777777778,2.3333333333333335,11,9,0.2727272727272727,1.0,1.3333333333333333,0,0,1,2.42052649116961,0
27,2,1,17,4,1,4,0,3,1,6,3,2,2394,1,1,13,3,4,0,8,2,3,8,2,7,7,0.12,0.12,1.3,1.0,1.2,0.1872,0,28728,85.5,0.8888888888888888,0.2222222222222222,0.7777777777777778,0.7777777777777778,3.6666666666666665,14,9,0.1111111111111111,1.0,4.0,0,0,1,2.3916083916083917,17
50,2,1,24,3,1,4,1,3,4,4,3,1,13973,3,1,18,3,4,1,22,2,3,12,11,1,5,0.12,0.1,1.3,1.0,0.9,0.1404,2,167676,273.98039215686276,0.5217391304347826,0.8461538461538461,0.38461538461538464,0.07692307692307693,3.6666666666666665,14,9,0.17391304347826086,6.0,3.0,0,1,0,3.4923769057735568,24
47,1,2,3,3,3,4,0,3,4,7,3,0,13770,9,1,12,3,4,2,28,2,2,22,2,11,13,0.125,0.125,1.3,1.2,1.0,0.195,2,165240,286.875,0.7586206896551724,0.08695652173913043,0.5652173913043478,0.4782608695652174,3.6666666666666665,13,9,0.13793103448275862,1.8333333333333333,2.2,0,1,1,3.4416395901024743,3
34,2,1,2,4,1,4,1,2,2,4,1,1,5957,6,0,13,3,2,1,13,3,3,11,9,5,9,0.12,0.1,0.7,1.0,0.9,0.0756,1,71484,170.2,0.7857142857142857,0.75,0.75,0.4166666666666667,2.3333333333333335,10,6,0.14285714285714285,1.8333333333333333,1.5714285714285714,0,1,1,2.9770114942528734,0
40,2,1,24,2,5,1,1,3,2,6,4,0,3319,1,0,17,3,1,2,9,3,3,9,8,4,7,0.12,0.12,0.7,1.0,1.0,0.0839999999999999,1,39828,80.95121951219512,0.9,0.8,0.7,0.4,2.0,9,9,0.2,1.8,4.5,0,0,0,1.658670664667666,0
40,2,1,16,3,1,3,0,3,3,4,4,2,7945,6,1,15,3,4,0,18,2,2,4,2,3,3,0.12,0.1,1.3,1.0,1.2,0.1872,1,95340,193.78048780487805,0.21052631578947367,0.4,0.6,0.6,3.6666666666666665,13,9,0.15789473684210525,1.0,0.5714285714285714,0,0,0,2.647450849716761,16
38,2,2,2,4,2,2,0,1,2,8,4,1,5405,2,1,20,4,1,2,20,4,2,4,2,0,3,0.125,0.125,1.3,1.0,0.9,0.14625,1,64860,138.5897435897436,0.19047619047619047,0.4,0.6,0.0,2.3333333333333335,9,4,0.09523809523809523,4.0,1.3333333333333333,0,0,0,2.7011494252873565,2
36,0,2,15,4,2,4,1,1,2,7,4,0,5406,1,0,24,4,1,1,15,4,2,15,12,11,11,0.125,0.125,0.7,0.9,1.0,0.07875,1,64872,146.1081081081081,0.9375,0.75,0.6875,0.6875,3.0,11,4,0.125,1.25,7.5,0,1,1,2.7016491754122938,0
28,2,1,29,1,1,3,1,1,2,4,2,1,6549,1,0,14,3,2,2,8,2,2,8,6,1,7,0.12,0.1,0.7,1.0,0.9,0.0756,0,78588,225.82758620689654,0.8888888888888888,0.6666666666666666,0.7777777777777778,0.1111111111111111,2.3333333333333335,9,3,0.2222222222222222,4.0,4.0,0,0,0,3.272863568215892,0
26,0,1,7,3,3,4,1,3,1,2,4,2,2570,1,0,20,4,3,0,7,5,3,7,7,5,7,0.12,0.12,0.7,0.9,1.2,0.09072,0,30840,95.18518518518519,0.875,0.875,0.875,0.625,3.6666666666666665,14,12,0.125,1.1666666666666667,3.5,0,0,1,2.5674325674325673,0
55,2,2,26,5,2,3,1,2,5,3,4,1,19586,1,0,21,4,3,1,36,3,3,36,6,2,13,0.125,0.09,0.7,1.0,0.9,0.07875,3,235032,349.75,0.972972972972973,0.16216216216216217,0.35135135135135137,0.05405405405405406,3.3333333333333335,13,8,0.13513513513513514,12.0,18.0,0,1,0,3.9164167166566686,0
44,0,1,5,3,1,3,1,2,1,2,3,2,3162,3,0,14,3,4,0,7,5,3,5,2,0,3,0.12,0.12,0.7,0.9,1.2,0.09072,2,37944,70.26666666666667,0.625,0.3333333333333333,0.5,0.0,3.3333333333333335,13,6,0.125,5.0,1.25,0,0,0,3.1588411588411587,0
31,2,1,12,3,3,4,0,3,2,0,4,1,5855,0,1,11,3,3,2,10,2,1,9,7,8,5,0.12,0.11,1.3,1.0,0.9,0.1404,1,70260,182.96875,0.8181818181818182,0.7,0.5,0.8,3.6666666666666665,12,9,0.18181818181818182,1.0,9.0,0,0,1,2.9260369815092453,12
25,2,2,13,1,3,2,1,3,1,8,3,1,2096,1,0,11,3,3,0,7,1,3,7,4,0,6,0.125,0.125,0.7,1.0,0.9,0.07875,0,25152,80.61538461538461,0.875,0.5,0.75,0.0,2.6666666666666665,11,9,0.125,7.0,3.5,0,0,0,2.093906093906094,0
44,2,1,2,1,1,1,0,4,1,6,4,1,2011,1,0,13,3,4,1,10,5,3,10,5,7,7,0.12,0.12,0.7,1.0,0.9,0.0756,2,24132,44.68888888888889,0.9090909090909091,0.45454545454545453,0.6363636363636364,0.6363636363636364,3.0,12,12,0.09090909090909091,1.25,5.0,0,1,1,2.008991008991009,0
36,2,1,9,2,3,2,1,2,2,4,2,0,8847,2,1,11,3,3,1,13,2,3,3,2,0,2,0.12,0.1,1.3,1.0,1.0,0.156,1,106164,239.1081081081081,0.21428571428571427,0.5,0.5,0.0,2.3333333333333335,10,6,0.14285714285714285,3.0,1.0,0,0,0,4.4212893553223385,9
38,2,1,9,2,1,3,0,3,1,2,4,2,2288,1,0,12,3,3,0,2,3,3,2,2,2,1,0.12,0.12,0.7,1.0,1.2,0.1007999999999999,1,27456,58.666666666666664,0.6666666666666666,0.6666666666666666,0.3333333333333333,0.6666666666666666,3.3333333333333335,13,9,0.3333333333333333,0.6666666666666666,1.0,1,0,0,2.2857142857142856,0
38,1,1,8,3,3,4,0,2,2,6,2,0,2133,1,1,16,3,3,1,20,3,3,20,11,0,7,0.12,0.12,1.3,1.2,1.0,0.1872,1,25596,54.69230769230769,0.9523809523809523,0.5238095238095238,0.3333333333333333,0.0,3.0,12,6,0.09523809523809523,20.0,10.0,0,1,0,1.065967016491754,8
42,2,1,29,3,1,2,1,3,2,4,2,1,4434,1,0,13,3,4,1,10,3,2,9,8,7,8,0.12,0.1,0.7,1.0,0.9,0.0756,2,53208,103.11627906976744,0.8181818181818182,0.8,0.8,0.7,2.6666666666666665,10,9,0.18181818181818182,1.125,4.5,0,0,1,2.2158920539730134,0
45,0,2,26,3,2,1,1,2,2,7,1,1,4385,1,0,15,3,1,1,10,2,3,10,7,4,5,0.125,0.125,0.7,0.9,0.9,0.070875,2,52620,95.32608695652173,0.9090909090909091,0.6363636363636364,0.45454545454545453,0.36363636363636365,1.0,6,6,0.18181818181818182,2.0,5.0,0,1,0,2.1914042978510744,0
49,2,1,25,4,1,3,0,3,1,2,1,1,3211,1,0,14,3,4,1,10,3,2,9,6,1,4,0.12,0.12,0.7,1.0,0.9,0.0756,2,38532,64.22,0.8181818181818182,0.6,0.4,0.1,2.6666666666666665,10,9,0.09090909090909091,4.5,4.5,0,0,0,3.207792207792208,0
43,1,1,1,3,1,4,0,3,2,0,4,1,5562,4,0,13,3,2,1,12,2,2,5,2,2,2,0.12,0.11,0.7,1.2,0.9,0.09072,2,66744,126.4090909090909,0.38461538461538464,0.3333333333333333,0.3333333333333333,0.3333333333333333,3.3333333333333335,12,9,0.15384615384615385,1.6666666666666667,1.0,0,0,0,2.7796101949025487,0
39,2,1,13,4,3,3,0,2,4,3,2,0,17123,6,1,13,3,4,2,21,4,3,19,9,15,2,0.12,0.09,1.3,1.0,1.0,0.156,1,205476,428.075,0.8636363636363636,0.45,0.1,0.75,3.0,12,6,0.18181818181818182,1.1875,2.7142857142857144,0,1,1,4.279680079980005,13
42,2,1,2,3,1,1,1,3,5,3,3,1,18880,5,0,11,3,1,0,24,2,2,22,6,4,14,0.12,0.09,0.7,1.0,0.9,0.0756,2,226560,439.06976744186045,0.88,0.2608695652173913,0.6086956521739131,0.17391304347826086,1.6666666666666667,7,9,0.2,4.4,3.6666666666666665,0,1,0,3.775244951009798,0
35,1,2,1,3,2,3,0,3,3,7,3,2,8789,1,0,14,3,1,0,10,3,4,10,7,0,8,0.125,0.125,0.7,1.2,1.2,0.126,1,105468,244.13888888888889,0.9090909090909091,0.6363636363636364,0.7272727272727273,0.0,2.3333333333333335,11,9,0.2727272727272727,10.0,5.0,0,1,0,2.9286904365211597,0
33,1,2,10,3,2,2,1,2,2,7,4,2,4682,3,0,14,3,3,0,9,6,2,7,7,0,1,0.125,0.125,0.7,1.2,1.2,0.126,1,56184,137.7058823529412,0.7,0.875,0.125,0.0,3.0,11,6,0.2,7.0,1.75,0,0,0,2.339830084957521,0
34,2,1,2,4,3,3,0,2,1,6,1,2,4381,1,0,11,3,3,0,6,3,3,6,5,1,3,0.12,0.12,0.7,1.0,1.2,0.1007999999999999,1,52572,125.17142857142858,0.8571428571428571,0.7142857142857143,0.42857142857142855,0.14285714285714285,2.3333333333333335,10,6,0.14285714285714285,3.0,3.0,0,0,0,4.376623376623376,0
26,1,1,1,1,3,1,0,2,1,6,3,0,2007,1,0,13,3,3,2,5,5,3,5,3,1,3,0.12,0.12,0.7,1.2,1.0,0.1007999999999999,0,24084,74.33333333333333,0.8333333333333334,0.5,0.5,0.16666666666666666,2.3333333333333335,10,6,0.16666666666666666,2.5,2.5,0,0,0,2.004995004995005,0
49,2,2,8,4,5,4,1,2,4,7,2,1,13120,6,0,17,3,2,1,22,3,3,9,8,2,3,0.125,0.125,0.7,1.0,0.9,0.07875,2,157440,262.4,0.391304347826087,0.8,0.3,0.2,2.6666666666666665,11,6,0.17391304347826086,3.0,1.2857142857142858,0,0,0,3.2791802049487626,0
44,2,1,3,3,1,1,1,3,1,2,1,1,2362,4,0,12,3,3,0,10,4,4,3,2,1,2,0.12,0.12,0.7,1.0,0.9,0.0756,2,28344,52.48888888888889,0.2727272727272727,0.5,0.5,0.25,1.6666666666666667,9,9,0.09090909090909091,1.5,0.6,0,0,0,2.3596403596403595,0
46,2,0,5,2,3,2,1,3,2,1,2,0,5021,8,1,22,4,4,1,16,2,3,4,2,0,2,0.073,0.073,1.3,1.0,1.0,0.0949,2,60252,106.82978723404256,0.23529411764705882,0.4,0.4,0.0,2.6666666666666665,11,12,0.11764705882352941,4.0,0.4444444444444444,0,0,0,2.5092453773113443,5
32,1,2,9,2,3,4,1,1,2,7,4,0,4668,0,0,17,3,4,3,9,2,4,8,7,0,7,0.125,0.125,0.7,1.2,1.0,0.105,1,56016,141.45454545454547,0.8,0.7777777777777778,0.7777777777777778,0.0,4.0,16,3,0.2,8.0,8.0,0,0,0,2.3328335832083957,0
34,0,2,19,3,2,1,1,4,2,7,4,2,5304,8,1,13,3,2,0,9,3,2,5,2,0,4,0.125,0.125,1.3,0.9,1.2,0.1755,1,63648,151.54285714285714,0.5,0.3333333333333333,0.6666666666666666,0.0,2.3333333333333335,9,12,0.2,5.0,0.5555555555555556,0,0,0,2.6506746626686657,19
51,1,1,6,2,3,2,0,2,1,2,3,2,2838,0,0,14,3,2,0,8,6,2,7,0,7,7,0.12,0.12,0.7,1.2,1.2,0.1209599999999999,3,34056,54.57692307692308,0.7777777777777778,0.0,0.875,0.875,2.3333333333333335,9,6,0.1111111111111111,0.875,7.0,0,0,1,2.8351648351648353,0
40,2,1,1,4,1,1,1,3,1,2,4,1,2406,8,0,19,3,3,2,8,3,2,1,0,0,0,0.12,0.12,0.7,1.0,0.9,0.0756,1,28872,58.68292682926829,0.1111111111111111,0.0,0.0,0.0,2.6666666666666665,10,9,0.1111111111111111,1.0,0.1111111111111111,1,0,0,2.4035964035964037,0
56,2,2,11,5,2,4,0,2,2,7,1,1,5380,4,0,16,3,3,1,6,3,3,0,0,0,0,0.125,0.125,0.7,1.0,0.9,0.07875,3,64560,94.3859649122807,0.0,0.0,0.0,0.0,2.6666666666666665,11,6,0.2857142857142857,0.0,0.0,1,0,0,2.688655672163918,0
20,2,1,11,3,3,4,0,2,1,6,1,2,2600,1,1,15,3,1,0,1,2,3,1,0,0,0,0.12,0.12,1.3,1.0,1.2,0.1872,0,31200,123.80952380952381,0.5,0.0,0.0,0.0,2.0,9,6,0.5,1.0,0.5,1,0,0,2.5974025974025974,11
41,2,2,6,3,1,4,0,3,3,3,4,2,13591,3,1,18,3,3,0,16,3,3,1,0,0,0,0.125,0.09,1.3,1.0,1.2,0.195,2,163092,323.5952380952381,0.058823529411764705,0.0,0.0,0.0,3.6666666666666665,14,9,0.17647058823529413,1.0,0.25,1,0,0,4.528823725424858,6
28,0,1,16,3,3,3,1,3,1,6,3,2,2144,1,0,14,3,3,0,5,3,2,5,3,1,4,0.12,0.12,0.7,0.9,1.2,0.09072,0,25728,73.93103448275862,0.8333333333333334,0.5,0.6666666666666666,0.16666666666666666,3.0,11,9,0.16666666666666666,2.5,2.5,0,0,0,2.1418581418581417,0
29,2,2,10,3,2,4,1,3,1,8,2,0,2297,1,0,14,3,4,2,2,2,3,2,2,2,2,0.125,0.125,0.7,1.0,1.0,0.0875,0,27564,76.56666666666666,0.6666666666666666,0.6666666666666666,0.6666666666666666,0.6666666666666666,3.3333333333333335,13,9,0.3333333333333333,0.6666666666666666,1.0,1,0,0,2.294705294705295,0
35,1,1,2,3,3,2,0,3,2,2,2,2,4425,5,0,11,3,4,0,10,5,3,6,2,1,2,0.12,0.12,0.7,1.2,1.2,0.1209599999999999,1,53100,122.91666666666667,0.5454545454545454,0.2857142857142857,0.2857142857142857,0.14285714285714285,2.6666666666666665,11,9,0.18181818181818182,3.0,1.0,0,0,0,2.211394302848576,0
33,2,2,8,4,1,1,1,3,2,7,1,1,6392,2,0,13,3,4,1,8,6,1,2,2,2,2,0.125,0.125,0.7,1.0,0.9,0.07875,1,76704,188.0,0.2222222222222222,0.6666666666666666,0.6666666666666666,0.6666666666666666,2.0,7,9,0.2222222222222222,0.6666666666666666,0.6666666666666666,1,0,0,3.1944027986006995,0
27,2,1,6,4,3,1,0,2,1,6,3,0,2187,0,0,12,3,3,2,6,5,2,5,3,0,3,0.12,0.12,0.7,1.0,1.0,0.0839999999999999,0,26244,78.10714285714286,0.7142857142857143,0.5,0.5,0.0,2.3333333333333335,9,6,0.14285714285714285,5.0,5.0,0,0,0,2.184815184815185,0
43,2,1,15,2,1,3,1,2,4,5,3,1,17603,1,0,24,4,1,1,14,3,3,14,10,6,11,0.12,0.1,0.7,1.0,0.9,0.0756,2,211236,400.0681818181818,0.9333333333333333,0.6666666666666666,0.7333333333333333,0.4,2.3333333333333335,10,8,0.26666666666666666,2.0,7.0,0,1,1,4.399650087478131,0
31,2,2,5,3,5,1,1,3,2,7,3,1,8346,1,0,19,3,3,1,6,3,3,5,2,0,2,0.125,0.125,0.7,1.0,0.9,0.07875,1,100152,260.8125,0.7142857142857143,0.3333333333333333,0.3333333333333333,0.0,2.3333333333333335,10,9,0.2857142857142857,5.0,2.5,0,0,0,4.170914542728636,0
45,2,2,2,3,4,4,1,3,2,7,2,1,4805,0,0,19,3,2,1,9,3,4,8,7,3,7,0.125,0.125,0.7,1.0,0.9,0.07875,2,57660,104.45652173913044,0.8,0.7777777777777778,0.7777777777777778,0.3333333333333333,2.6666666666666665,12,9,0.2,2.0,8.0,0,0,0,2.4012993503248374,0
37,2,1,11,2,3,1,0,1,2,0,2,1,4777,5,0,15,3,1,0,15,2,1,1,0,0,0,0.12,0.11,0.7,1.0,0.9,0.0756,1,57324,125.71052631578948,0.0625,0.0,0.0,0.0,1.3333333333333333,5,3,0.125,1.0,0.16666666666666666,1,0,0,2.3873063468265867,0
32,2,1,9,3,3,1,0,3,1,2,1,2,4200,7,0,22,4,1,0,10,2,4,5,4,0,4,0.12,0.12,0.7,1.0,1.2,0.1007999999999999,1,50400,127.27272727272727,0.45454545454545453,0.6666666666666666,0.6666666666666666,0.0,1.0,7,12,0.09090909090909091,5.0,0.625,0,0,0,4.195804195804196,0
57,2,1,24,2,1,3,1,4,3,0,4,0,9439,3,1,16,3,2,1,12,2,1,5,3,1,4,0.12,0.11,1.3,1.0,1.0,0.156,3,113268,162.74137931034483,0.38461538461538464,0.5,0.6666666666666666,0.16666666666666666,3.0,10,12,0.23076923076923078,2.5,1.25,0,0,0,3.145284905031656,24
31,2,2,5,4,1,1,0,3,2,7,4,1,5476,1,0,11,3,1,2,10,2,3,10,0,0,2,0.125,0.125,0.7,1.0,0.9,0.07875,1,65712,171.125,0.9090909090909091,0.0,0.18181818181818182,0.0,2.0,9,9,0.18181818181818182,10.0,5.0,0,1,0,2.736631684157921,0
32,2,2,7,3,1,4,1,2,2,7,3,1,5484,1,0,14,3,3,1,13,3,2,13,8,4,8,0.125,0.125,0.7,1.0,0.9,0.07875,1,65808,166.1818181818182,0.9285714285714286,0.5714285714285714,0.5714285714285714,0.2857142857142857,3.3333333333333335,12,6,0.14285714285714285,2.6,6.5,0,1,0,2.7406296851574212,0
33,0,2,22,2,2,3,1,3,2,7,2,1,6146,0,0,13,3,1,1,8,2,4,7,7,0,7,0.125,0.125,0.7,0.9,0.9,0.070875,1,73752,180.76470588235293,0.7777777777777778,0.875,0.875,0.0,2.0,10,9,0.2222222222222222,7.0,7.0,0,0,0,3.071464267866067,0
27,2,1,19,3,4,4,1,2,1,2,1,0,4066,1,0,11,3,1,2,7,3,3,7,7,0,7,0.12,0.12,0.7,1.0,1.0,0.0839999999999999,0,48792,145.21428571428572,0.875,0.875,0.875,0.0,2.0,9,6,0.125,7.0,3.5,0,0,0,4.061938061938062,0
29,2,2,5,3,3,1,1,2,2,7,2,0,4187,1,1,13,3,2,1,10,3,2,10,0,0,9,0.125,0.125,1.3,1.0,1.0,0.1625,0,50244,139.56666666666666,0.9090909090909091,0.0,0.8181818181818182,0.0,1.6666666666666667,7,6,0.18181818181818182,10.0,5.0,0,1,0,2.0924537731134434,5
33,1,1,1,2,1,1,0,3,3,5,4,2,13458,1,1,12,3,3,0,15,1,3,15,14,8,12,0.12,0.1,1.3,1.2,1.2,0.22464,1,161496,395.8235294117647,0.9375,0.875,0.75,0.5,2.6666666666666665,11,9,0.1875,1.6666666666666667,7.5,0,1,1,4.484505164945018,1
50,2,1,11,3,1,3,0,3,5,3,2,2,19926,3,0,15,3,2,0,21,5,3,5,4,4,4,0.12,0.09,0.7,1.0,1.2,0.1007999999999999,2,239112,390.70588235294116,0.22727272727272727,0.6666666666666666,0.6666666666666666,0.6666666666666666,2.3333333333333335,10,9,0.22727272727272727,1.0,1.25,0,0,0,3.984403119376125,0
58,2,2,21,3,1,4,0,3,4,3,4,1,17875,4,1,13,3,3,1,29,2,2,1,0,0,0,0.125,0.09,1.3,1.0,0.9,0.14625,3,214500,302.96610169491527,0.03333333333333333,0.0,0.0,0.0,3.6666666666666665,13,9,0.13333333333333333,1.0,0.2,1,0,0,4.467633091727068,21
33,2,1,14,3,3,3,1,3,1,2,4,1,2436,5,1,13,3,3,1,8,2,1,5,4,0,4,0.12,0.12,1.3,1.0,0.9,0.1404,1,29232,71.6470588235294,0.5555555555555556,0.6666666666666666,0.6666666666666666,0.0,3.3333333333333335,11,9,0.1111111111111111,5.0,0.8333333333333334,0,0,0,2.4335664335664338,14
25,2,2,5,3,2,3,1,2,2,7,3,2,5744,1,1,11,3,4,0,6,1,3,6,4,0,3,0.125,0.125,1.3,1.0,1.2,0.195,0,68928,220.92307692307693,0.8571428571428571,0.5714285714285714,0.42857142857142855,0.0,3.3333333333333335,13,6,0.2857142857142857,6.0,3.0,0,0,0,2.8705647176411793,5
30,1,2,26,4,2,3,0,2,2,7,1,2,6696,5,0,15,3,3,0,9,5,2,6,3,0,1,0.125,0.125,0.7,1.2,1.2,0.126,0,80352,216.0,0.6,0.42857142857142855,0.14285714285714285,0.0,2.3333333333333335,9,6,0.2,6.0,1.0,0,0,0,3.346326836581709,0
31,2,2,6,4,3,1,1,4,2,7,4,0,5460,4,0,22,4,4,2,13,4,4,7,7,5,7,0.125,0.125,0.7,1.0,1.0,0.0875,1,65520,170.625,0.5,0.875,0.875,0.625,3.0,13,16,0.14285714285714285,1.1666666666666667,1.4,0,0,1,2.7286356821589206,0
29,2,1,1,4,5,1,1,2,1,6,1,2,2362,6,0,13,3,3,0,11,2,1,9,7,0,7,0.12,0.12,0.7,1.0,1.2,0.1007999999999999,0,28344,78.73333333333333,0.75,0.7,0.7,0.0,1.6666666666666667,6,6,0.08333333333333333,9.0,1.2857142857142858,0,0,0,2.3596403596403595,0
34,1,1,1,3,3,4,1,2,2,0,1,2,5343,0,0,20,4,3,0,14,3,3,13,9,4,9,0.12,0.11,0.7,1.2,1.2,0.1209599999999999,1,64116,152.65714285714284,0.8666666666666667,0.6428571428571429,0.6428571428571429,0.2857142857142857,2.6666666666666665,11,8,0.13333333333333333,2.6,13.0,0,1,0,2.6701649175412294,0
40,1,1,16,4,3,1,1,2,2,2,3,2,5094,6,0,14,3,4,0,10,6,3,1,0,0,0,0.12,0.12,0.7,1.2,1.2,0.1209599999999999,1,61128,124.2439024390244,0.09090909090909091,0.0,0.0,0.0,2.6666666666666665,11,6,0.18181818181818182,1.0,0.14285714285714285,1,0,0,2.545727136431784,0
26,2,2,5,3,4,4,0,2,1,8,3,2,2966,0,0,18,3,4,0,5,2,3,4,2,0,0,0.125,0.125,0.7,1.0,1.2,0.105,0,35592,109.85185185185185,0.6666666666666666,0.4,0.0,0.0,3.6666666666666665,14,6,0.16666666666666666,4.0,4.0,0,0,0,2.963036963036963,0
42,2,1,9,2,4,4,1,2,5,3,4,2,19613,8,0,22,4,4,0,24,2,3,1,0,0,1,0.12,0.09,0.7,1.0,1.2,0.1007999999999999,2,235356,456.1162790697674,0.04,0.0,0.5,0.0,4.0,15,8,0.2,1.0,0.1111111111111111,1,0,0,3.9218156368726254,0
32,2,2,10,3,2,4,1,3,2,7,4,2,5396,1,0,12,3,4,0,10,2,2,10,7,0,8,0.125,0.125,0.7,1.0,1.2,0.105,1,64752,163.5151515151515,0.9090909090909091,0.6363636363636364,0.7272727272727273,0.0,4.0,14,9,0.18181818181818182,10.0,5.0,0,1,0,2.6966516741629185,0
42,2,1,2,3,3,4,0,2,1,2,1,0,2593,0,1,11,3,3,1,10,4,3,9,6,7,8,0.12,0.12,1.3,1.0,1.0,0.156,2,31116,60.30232558139535,0.8181818181818182,0.6,0.8,0.7,2.6666666666666665,11,6,0.09090909090909091,1.125,9.0,0,0,1,2.5904095904095903,2
38,2,1,29,1,3,2,1,3,2,0,1,1,6673,7,1,19,3,2,0,17,2,3,1,0,0,0,0.12,0.11,1.3,1.0,0.9,0.1404,1,80076,171.10256410256412,0.05555555555555555,0.0,0.0,0.0,1.6666666666666667,8,9,0.1111111111111111,1.0,0.125,1,0,0,3.334832583708146,29
36,1,2,11,2,5,2,0,3,3,7,4,1,9738,0,0,14,3,3,1,10,6,3,9,7,2,8,0.125,0.125,0.7,1.2,0.9,0.0945,1,116856,263.18918918918916,0.8181818181818182,0.7,0.8,0.2,3.0,12,9,0.2727272727272727,3.0,9.0,0,0,0,3.2449183605464844,0
36,2,2,2,4,1,3,1,3,1,8,4,2,2644,3,1,21,4,4,0,7,3,2,3,2,1,2,0.125,0.125,1.3,1.0,1.2,0.195,1,31728,71.45945945945945,0.375,0.5,0.5,0.25,3.6666666666666665,13,12,0.125,1.5,0.75,0,0,0,2.641358641358641,2
40,1,1,1,4,1,3,1,2,4,0,2,1,13503,1,0,22,4,4,1,22,3,2,22,3,11,11,0.12,0.11,0.7,1.2,0.9,0.09072,1,162036,329.3414634146341,0.9565217391304348,0.13043478260869565,0.4782608695652174,0.4782608695652174,3.0,11,8,0.17391304347826086,1.8333333333333333,11.0,0,1,1,3.374906273431642,0
38,2,2,10,4,2,3,1,2,3,7,3,0,8740,0,1,14,3,2,2,9,2,3,8,7,2,7,0.125,0.125,1.3,1.0,1.0,0.1625,1,104880,224.10256410256412,0.8,0.7777777777777778,0.7777777777777778,0.2222222222222222,2.6666666666666665,11,6,0.3,2.6666666666666665,8.0,0,0,0,2.912362545818061,10
29,2,2,27,3,2,2,0,3,3,7,4,1,7639,1,0,22,4,4,3,10,3,2,10,4,1,9,0.125,0.125,0.7,1.0,0.9,0.07875,0,91668,254.63333333333333,0.9090909090909091,0.36363636363636365,0.8181818181818182,0.09090909090909091,3.3333333333333335,12,12,0.2727272727272727,5.0,5.0,0,1,0,2.545484838387204,0
37,2,1,2,2,4,4,1,2,1,2,3,2,2090,6,1,15,3,2,0,7,3,3,0,0,0,0,0.12,0.12,1.3,1.0,1.2,0.1872,1,25080,55.0,0.0,0.0,0.0,0.0,3.0,12,6,0.125,0.0,0.0,1,0,0,2.087912087912088,2
54,2,1,1,3,3,4,0,3,4,5,4,2,17328,6,0,19,3,4,0,29,3,2,20,7,12,7,0.12,0.1,0.7,1.0,1.2,0.1007999999999999,3,207936,315.05454545454546,0.6666666666666666,0.3333333333333333,0.3333333333333333,0.5714285714285714,4.0,14,9,0.13333333333333333,1.5384615384615385,2.857142857142857,0,1,1,4.330917270682329,0
43,2,1,12,3,1,1,1,2,4,5,2,0,14336,1,0,11,3,3,1,25,3,3,25,10,3,9,0.12,0.1,0.7,1.0,1.0,0.0839999999999999,2,172032,325.8181818181818,0.9615384615384616,0.38461538461538464,0.34615384615384615,0.11538461538461539,2.0,9,6,0.15384615384615385,6.25,12.5,0,1,0,3.583104223944014,0
50,0,2,1,3,1,4,0,3,2,7,3,1,6347,0,0,12,3,1,1,19,3,3,18,7,0,13,0.125,0.125,0.7,0.9,0.9,0.070875,2,76164,124.45098039215686,0.9,0.3684210526315789,0.6842105263157895,0.0,2.6666666666666665,11,9,0.1,18.0,18.0,0,1,0,3.1719140429785107,0
31,0,1,1,4,3,3,1,1,2,4,3,1,4345,0,0,12,3,4,1,6,2,3,5,4,1,4,0.12,0.1,0.7,0.9,0.9,0.06804,1,52140,135.78125,0.7142857142857143,0.6666666666666666,0.6666666666666666,0.16666666666666666,3.3333333333333335,13,3,0.2857142857142857,2.5,5.0,0,0,0,2.1714142928535733,0
39,0,2,21,4,1,1,0,1,2,7,3,1,5736,6,0,19,3,3,1,10,1,3,3,2,1,2,0.125,0.125,0.7,0.9,0.9,0.070875,1,68832,143.4,0.2727272727272727,0.5,0.5,0.25,2.3333333333333335,10,3,0.18181818181818182,1.5,0.42857142857142855,0,0,0,2.866566716641679,0
45,0,2,6,3,3,4,0,2,3,7,4,2,8865,6,0,12,3,4,0,23,2,3,19,7,12,8,0.125,0.125,0.7,0.9,1.2,0.0945,2,106380,192.7173913043478,0.7916666666666666,0.35,0.4,0.6,4.0,15,6,0.125,1.4615384615384615,2.7142857142857144,0,1,1,2.9540153282239254,0
39,2,1,1,4,3,3,0,3,1,2,3,0,2232,7,0,14,3,3,3,7,1,3,3,2,1,2,0.12,0.12,0.7,1.0,1.0,0.0839999999999999,1,26784,55.8,0.375,0.5,0.5,0.25,3.0,12,9,0.125,1.5,0.375,0,0,0,2.2297702297702298,0
32,2,2,7,5,2,4,1,3,2,7,4,1,9204,4,0,12,3,3,1,7,3,2,4,3,0,3,0.125,0.125,0.7,1.0,0.9,0.07875,1,110448,278.90909090909093,0.5,0.6,0.6,0.0,3.6666666666666665,13,9,0.25,4.0,0.8,0,0,0,4.599700149925037,0
27,1,2,2,1,1,4,1,1,2,7,4,2,5071,3,0,20,4,2,0,8,3,3,6,2,0,0,0.125,0.125,0.7,1.2,1.2,0.126,0,60852,181.10714285714286,0.6666666666666666,0.2857142857142857,0.0,0.0,3.3333333333333335,13,4,0.2222222222222222,6.0,1.5,0,0,0,2.534232883558221,0
50,1,1,2,3,3,4,0,3,4,3,1,1,17856,2,0,22,4,3,1,32,3,3,2,2,2,2,0.12,0.09,0.7,1.2,0.9,0.09072,2,214272,350.11764705882354,0.06060606060606061,0.6666666666666666,0.6666666666666666,0.6666666666666666,2.6666666666666665,11,12,0.12121212121212122,0.6666666666666666,0.6666666666666666,1,0,0,4.462884278930267,0
35,1,1,4,4,4,4,1,2,1,2,4,1,2376,1,0,13,3,2,1,2,2,4,2,2,2,2,0.12,0.12,0.7,1.2,0.9,0.09072,1,28512,66.0,0.6666666666666666,0.6666666666666666,0.6666666666666666,0.6666666666666666,3.3333333333333335,14,6,0.3333333333333333,0.6666666666666666,1.0,1,0,0,2.3736263736263736,0
39,2,2,15,4,2,2,1,3,4,7,1,2,13341,0,0,12,3,1,0,21,3,3,20,8,11,10,0.125,0.125,0.7,1.0,1.2,0.105,1,160092,333.525,0.9090909090909091,0.38095238095238093,0.47619047619047616,0.5238095238095238,1.3333333333333333,7,9,0.18181818181818182,1.6666666666666667,20.0,0,1,1,3.334416395901025,0
38,2,2,1,3,1,1,1,2,1,8,1,2,2858,4,0,14,3,1,0,20,3,2,1,0,0,0,0.125,0.125,0.7,1.0,1.2,0.105,1,34296,73.28205128205128,0.047619047619047616,0.0,0.0,0.0,1.0,5,6,0.047619047619047616,1.0,0.2,1,0,0,2.855144855144855,0
46,2,2,10,3,2,3,0,2,3,7,4,1,9071,2,1,19,3,3,1,15,3,3,3,2,1,2,0.125,0.125,1.3,1.0,0.9,0.14625,2,108852,193.0,0.1875,0.5,0.5,0.25,3.3333333333333335,13,6,0.1875,1.5,1.0,0,0,0,3.0226591136287904,10
36,2,2,2,2,3,2,1,2,3,7,3,1,7596,1,0,13,3,2,2,10,2,3,10,9,9,0,0.125,0.125,0.7,1.0,0.9,0.07875,1,91152,205.2972972972973,0.9090909090909091,0.8181818181818182,0.0,0.8181818181818182,2.3333333333333335,10,6,0.2727272727272727,1.0,5.0,0,1,1,2.531156281239587,0
26,1,1,3,1,5,3,1,3,1,6,1,2,3102,0,0,22,4,3,0,7,2,3,6,4,0,4,0.12,0.12,0.7,1.2,1.2,0.1209599999999999,0,37224,114.88888888888889,0.75,0.5714285714285714,0.5714285714285714,0.0,2.3333333333333335,10,12,0.125,6.0,6.0,0,0,0,3.098901098901099,0
27,2,1,2,1,3,1,1,3,1,2,2,1,3468,9,0,12,3,4,1,6,3,3,2,2,2,2,0.12,0.12,0.7,1.0,0.9,0.0756,0,41616,123.85714285714286,0.2857142857142857,0.6666666666666666,0.6666666666666666,0.6666666666666666,2.3333333333333335,10,9,0.14285714285714285,0.6666666666666666,0.2,1,0,0,3.4645354645354645,0
25,2,2,3,1,4,3,1,3,2,7,1,1,4194,1,1,18,3,4,0,5,3,3,5,3,0,3,0.125,0.125,1.3,1.0,0.9,0.14625,0,50328,161.30769230769232,0.8333333333333334,0.5,0.5,0.0,2.6666666666666665,11,9,0.3333333333333333,5.0,2.5,0,0,0,2.095952023988006,3
38,2,2,2,2,2,4,1,3,3,7,2,2,7351,7,0,16,3,3,0,10,2,3,1,0,0,0,0.125,0.125,0.7,1.0,1.2,0.105,1,88212,188.48717948717947,0.09090909090909091,0.0,0.0,0.0,3.0,12,9,0.2727272727272727,1.0,0.125,1,0,0,2.449516827724092,0
29,1,1,2,1,1,4,0,3,1,2,2,1,3180,0,0,13,3,3,3,4,3,3,3,2,0,2,0.12,0.12,0.7,1.2,0.9,0.09072,0,38160,106.0,0.6,0.5,0.5,0.0,3.0,12,9,0.2,3.0,3.0,0,0,0,3.1768231768231767,0
32,2,1,5,2,1,4,0,2,2,6,2,1,5878,3,0,12,3,1,1,12,2,3,7,1,2,5,0.12,0.12,0.7,1.0,0.9,0.0756,1,70536,178.12121212121212,0.5384615384615384,0.125,0.625,0.25,2.3333333333333335,10,6,0.15384615384615385,2.3333333333333335,1.75,0,0,0,2.9375312343828086,0
49,1,1,10,4,1,3,0,3,5,5,1,2,18665,9,1,11,3,4,0,22,4,3,3,2,1,2,0.12,0.1,1.3,1.2,1.2,0.22464,2,223980,373.3,0.13043478260869565,0.5,0.5,0.25,2.6666666666666665,11,9,0.21739130434782608,1.5,0.3,0,0,0,3.732253549290142,10
45,2,2,9,3,2,4,1,3,3,7,1,0,10761,4,1,12,3,3,1,18,2,3,5,4,0,2,0.125,0.125,1.3,1.0,1.0,0.1625,2,129132,233.93478260869566,0.2631578947368421,0.6666666666666666,0.3333333333333333,0.0,2.6666666666666665,11,9,0.15789473684210525,5.0,1.0,0,0,0,3.5858047317560815,9
37,2,1,10,2,1,4,1,4,1,6,4,2,4680,3,0,17,3,1,0,4,2,3,1,0,0,0,0.12,0.12,0.7,1.0,1.2,0.1007999999999999,1,56160,123.15789473684211,0.2,0.0,0.0,0.0,3.0,12,12,0.2,1.0,0.25,1,0,0,4.675324675324675,0
29,2,2,10,3,3,3,1,2,2,7,3,2,5869,9,0,11,3,3,0,8,2,3,5,2,1,4,0.125,0.125,0.7,1.0,1.2,0.105,0,70428,195.63333333333333,0.5555555555555556,0.3333333333333333,0.6666666666666666,0.16666666666666666,3.0,12,6,0.2222222222222222,2.5,0.5,0,0,0,2.9330334832583707,0
37,2,1,10,4,3,4,1,3,2,4,1,2,4213,1,0,15,3,2,0,10,4,1,10,3,0,8,0.12,0.1,0.7,1.0,1.2,0.1007999999999999,1,50556,110.86842105263158,0.9090909090909091,0.2727272727272727,0.7272727272727273,0.0,2.3333333333333335,8,9,0.18181818181818182,10.0,5.0,0,1,0,2.105447276361819,0
34,0,2,10,3,1,4,1,3,2,7,3,0,4001,1,1,14,3,3,1,15,3,3,15,14,0,7,0.125,0.125,1.3,0.9,1.0,0.14625,1,48012,114.31428571428572,0.9375,0.875,0.4375,0.0,3.3333333333333335,13,9,0.125,15.0,7.5,0,1,0,1.9995002498750625,10
30,1,1,1,2,3,3,0,3,2,2,4,2,4011,1,0,23,4,4,0,12,2,3,12,8,3,7,0.12,0.12,0.7,1.2,1.2,0.1209599999999999,0,48132,129.38709677419354,0.9230769230769231,0.6153846153846154,0.5384615384615384,0.23076923076923078,3.6666666666666665,14,12,0.15384615384615385,3.0,6.0,0,1,0,2.004497751124438,0
28,2,1,2,1,1,1,1,2,1,6,2,1,3201,0,0,17,3,1,0,6,2,1,5,3,0,4,0.12,0.12,0.7,1.0,0.9,0.0756,0,38412,110.37931034482759,0.7142857142857143,0.5,0.6666666666666666,0.0,1.3333333333333333,5,6,0.14285714285714285,5.0,5.0,0,0,0,3.197802197802198,0
35,2,1,4,2,4,3,1,3,1,2,4,0,1951,1,0,12,3,3,1,1,3,3,1,0,0,0,0.12,0.12,0.7,1.0,1.0,0.0839999999999999,1,23412,54.19444444444444,0.5,0.0,0.0,0.0,3.3333333333333335,13,9,0.5,1.0,0.5,1,0,0,1.949050949050949,0
38,2,1,1,1,1,3,0,3,1,6,1,2,2619,3,0,17,3,4,0,8,3,2,0,0,0,0,0.12,0.12,0.7,1.0,1.2,0.1007999999999999,1,31428,67.15384615384616,0.0,0.0,0.0,0.0,2.6666666666666665,10,9,0.1111111111111111,0.0,0.0,1,0,0,2.6163836163836165,0
38,1,1,3,4,4,3,1,3,1,6,3,1,2821,3,0,16,3,1,1,8,2,3,2,2,2,2,0.12,0.12,0.7,1.2,0.9,0.09072,1,33852,72.33333333333333,0.2222222222222222,0.6666666666666666,0.6666666666666666,0.6666666666666666,2.3333333333333335,10,9,0.1111111111111111,0.6666666666666666,0.5,1,0,0,2.8181818181818183,0
29,1,2,24,3,5,3,1,4,1,8,1,2,1091,1,0,17,3,4,0,1,3,3,1,0,0,0,0.125,0.125,0.7,1.2,1.2,0.126,0,13092,36.36666666666667,0.5,0.0,0.0,0.0,2.6666666666666665,11,12,0.5,1.0,0.5,1,0,0,1.08991008991009,0
30,2,1,1,2,3,4,1,3,1,2,2,1,3748,1,0,13,3,3,0,12,6,2,12,8,1,7,0.12,0.12,0.7,1.0,0.9,0.0756,0,44976,120.90322580645162,0.9230769230769231,0.6153846153846154,0.5384615384615384,0.07692307692307693,3.0,11,9,0.07692307692307693,6.0,6.0,0,1,0,3.744255744255744,0
28,2,1,5,4,5,3,1,3,1,2,3,2,3441,1,1,13,3,3,0,2,3,2,2,2,2,2,0.12,0.12,1.3,1.0,1.2,0.1872,0,41292,118.65517241379311,0.6666666666666666,0.6666666666666666,0.6666666666666666,0.6666666666666666,3.0,11,9,0.3333333333333333,0.6666666666666666,1.0,1,0,0,3.4375624375624376,5
51,2,1,1,3,1,3,1,3,1,6,4,1,2723,1,0,11,3,2,0,1,0,2,1,0,0,0,0.12,0.12,0.7,1.0,0.9,0.0756,3,32676,52.36538461538461,0.5,0.0,0.0,0.0,3.0,11,9,0.5,1.0,0.5,1,0,0,2.7202797202797204,0
44,2,1,1,3,3,2,1,3,1,6,4,2,2436,6,1,12,3,3,0,6,2,3,4,3,1,2,0.12,0.12,1.3,1.0,1.2,0.1872,2,29232,54.13333333333333,0.5714285714285714,0.6,0.4,0.2,3.0,12,9,0.14285714285714285,2.0,0.5714285714285714,0,0,0,2.4335664335664338,1
29,2,1,3,1,3,2,1,3,1,2,1,2,4723,1,1,18,3,4,0,10,3,3,10,9,1,5,0.12,0.12,1.3,1.0,1.2,0.1872,0,56676,157.43333333333334,0.9090909090909091,0.8181818181818182,0.45454545454545453,0.09090909090909091,2.3333333333333335,10,9,0.09090909090909091,5.0,5.0,0,1,0,4.718281718281719,3
36,1,1,11,3,1,2,1,2,2,4,2,2,6499,1,0,13,3,3,0,6,3,3,6,5,0,3,0.12,0.1,0.7,1.2,1.2,0.1209599999999999,1,77988,175.64864864864865,0.8571428571428571,0.7142857142857143,0.42857142857142855,0.0,2.3333333333333335,10,6,0.2857142857142857,6.0,3.0,0,0,0,3.2478760619690155,0
34,2,1,6,1,3,2,1,3,1,6,1,2,2960,2,0,11,3,3,0,8,2,3,4,2,1,3,0.12,0.12,0.7,1.0,1.2,0.1007999999999999,1,35520,84.57142857142857,0.4444444444444444,0.4,0.6,0.2,2.0,9,9,0.1111111111111111,2.0,1.3333333333333333,0,0,0,2.957042957042957,0
29,1,1,20,1,3,4,1,3,1,2,4,1,3812,1,0,13,3,2,0,11,3,4,11,8,3,10,0.12,0.12,0.7,1.2,0.9,0.09072,0,45744,127.06666666666666,0.9166666666666666,0.6666666666666666,0.8333333333333334,0.25,3.3333333333333335,14,9,0.08333333333333333,2.75,5.5,0,1,0,3.808191808191808,0
56,2,1,8,3,1,3,0,3,1,6,1,0,4257,4,1,18,3,3,1,19,3,3,2,2,2,2,0.12,0.12,1.3,1.0,1.0,0.156,3,51084,74.6842105263158,0.1,0.6666666666666666,0.6666666666666666,0.6666666666666666,2.3333333333333335,10,9,0.05,0.6666666666666666,0.4,1,0,0,4.252747252747253,8
41,2,2,9,1,1,3,1,3,3,7,3,0,8189,3,1,13,3,3,1,12,2,3,9,7,0,7,0.125,0.125,1.3,1.0,1.0,0.1625,2,98268,194.97619047619048,0.6923076923076923,0.7,0.7,0.0,3.0,12,9,0.23076923076923078,9.0,2.25,0,0,0,2.728757080973009,9
43,2,1,14,2,1,2,1,3,4,5,1,1,17159,6,0,24,4,3,1,22,3,3,4,1,1,0,0.12,0.1,0.7,1.0,0.9,0.0756,2,205908,389.97727272727275,0.17391304347826086,0.2,0.0,0.2,2.0,9,12,0.17391304347826086,2.0,0.5714285714285714,0,0,0,4.2886778305423645,0
36,2,2,3,3,3,1,0,2,3,7,4,1,7644,0,0,19,3,3,2,10,2,3,9,7,3,4,0.125,0.125,0.7,1.0,0.9,0.07875,1,91728,206.59459459459458,0.8181818181818182,0.7,0.4,0.3,2.6666666666666665,11,6,0.2727272727272727,2.25,9.0,0,0,0,2.547150949683439,0
53,2,1,6,3,1,4,1,3,2,2,4,2,2450,2,0,17,3,4,0,19,4,3,2,2,2,2,0.12,0.12,0.7,1.0,1.2,0.1007999999999999,3,29400,45.370370370370374,0.1,0.6666666666666666,0.6666666666666666,0.6666666666666666,4.0,15,9,0.1,0.6666666666666666,0.6666666666666666,1,0,0,1.2243878060969515,0
35,2,1,23,4,3,3,0,3,1,2,1,1,4014,3,1,15,3,3,1,4,3,3,2,2,2,2,0.12,0.12,1.3,1.0,0.9,0.1404,1,48168,111.5,0.4,0.6666666666666666,0.6666666666666666,0.6666666666666666,2.3333333333333335,10,9,0.2,0.6666666666666666,0.5,1,0,0,4.00999000999001,23
29,2,1,8,1,3,2,1,2,2,4,4,1,5056,1,1,15,3,3,1,10,2,2,10,7,1,2,0.12,0.1,1.3,1.0,0.9,0.1404,0,60672,168.53333333333333,0.9090909090909091,0.6363636363636364,0.18181818181818182,0.09090909090909091,3.0,11,6,0.18181818181818182,5.0,5.0,0,1,0,2.526736631684158,8
43,2,2,25,3,3,3,1,2,3,7,4,0,10798,5,0,13,3,3,1,18,5,3,1,0,0,0,0.125,0.125,0.7,1.0,1.0,0.0875,2,129576,245.4090909090909,0.05263157894736842,0.0,0.0,0.0,3.3333333333333335,13,6,0.15789473684210525,1.0,0.16666666666666666,1,0,0,3.5981339553482172,0
36,2,2,1,4,1,2,0,3,2,7,3,2,6815,6,0,13,3,1,0,15,5,3,1,0,0,0,0.125,0.125,0.7,1.0,1.2,0.105,1,81780,184.1891891891892,0.0625,0.0,0.0,0.0,2.0,9,9,0.125,1.0,0.14285714285714285,1,0,0,3.4057971014492754,0
31,1,2,1,3,1,4,0,3,1,8,2,2,2302,1,1,11,3,1,0,3,2,4,3,2,2,2,0.125,0.125,1.3,1.2,1.2,0.2339999999999999,1,27624,71.9375,0.75,0.5,0.5,0.5,2.3333333333333335,11,9,0.25,1.0,1.5,0,0,0,2.2997002997002998,1
34,1,1,15,3,3,2,1,3,4,5,1,0,17007,7,0,14,3,4,2,16,3,2,14,8,6,9,0.12,0.1,0.7,1.2,1.0,0.1007999999999999,1,204084,485.9142857142857,0.8235294117647058,0.5333333333333333,0.6,0.4,2.3333333333333335,9,9,0.23529411764705882,2.0,1.75,0,1,1,4.250687328167958,0
42,2,1,4,2,5,3,1,3,5,3,4,1,19232,1,0,11,3,4,0,22,3,3,22,17,11,15,0.12,0.09,0.7,1.0,0.9,0.0756,2,230784,447.25581395348837,0.9565217391304348,0.7391304347826086,0.6521739130434783,0.4782608695652174,3.6666666666666665,14,9,0.21739130434782608,1.8333333333333333,11.0,0,1,1,3.845630873825235,0
56,2,1,4,4,5,4,0,3,5,3,1,0,19943,4,0,13,3,4,1,28,2,3,5,2,4,2,0.12,0.09,0.7,1.0,1.0,0.0839999999999999,3,239316,349.87719298245617,0.1724137931034483,0.3333333333333333,0.3333333333333333,0.6666666666666666,3.0,12,9,0.1724137931034483,1.0,1.0,0,0,0,3.9878024395120977,0
35,1,2,18,5,1,2,1,3,3,7,1,1,9069,1,0,22,4,4,1,9,3,2,9,8,1,8,0.125,0.125,0.7,1.2,0.9,0.0945,1,108828,251.91666666666666,0.9,0.8,0.8,0.1,2.3333333333333335,9,12,0.3,4.5,4.5,0,0,0,3.0219926691102965,0
40,2,2,10,3,5,2,0,2,2,7,2,0,6852,7,0,12,3,2,1,7,2,4,5,1,1,3,0.125,0.125,0.7,1.0,1.0,0.0875,1,82224,167.1219512195122,0.625,0.16666666666666666,0.5,0.16666666666666666,2.0,10,6,0.25,2.5,0.625,0,0,0,3.424287856071964,0
40,1,1,11,3,5,4,0,3,2,2,3,1,6323,1,0,11,3,1,1,10,2,4,10,9,9,4,0.12,0.12,0.7,1.2,0.9,0.09072,1,75876,154.21951219512195,0.9090909090909091,0.8181818181818182,0.36363636363636365,0.8181818181818182,2.6666666666666665,12,9,0.18181818181818182,1.0,5.0,0,1,1,3.15992003998001,0
42,2,1,29,3,3,2,1,1,2,2,4,2,4272,4,0,19,3,1,0,16,3,3,1,0,0,0,0.12,0.12,0.7,1.0,1.2,0.1007999999999999,2,51264,99.34883720930233,0.058823529411764705,0.0,0.0,0.0,2.3333333333333335,10,3,0.11764705882352941,1.0,0.2,1,0,0,2.1349325337331333,0
37,2,1,11,3,3,1,0,3,1,2,3,2,3629,4,0,18,3,1,0,8,6,3,3,2,0,2,0.12,0.12,0.7,1.0,1.2,0.1007999999999999,1,43548,95.5,0.3333333333333333,0.5,0.5,0.0,1.6666666666666667,8,9,0.1111111111111111,3.0,0.6,0,0,0,3.6253746253746253,0
43,2,1,8,3,1,1,0,3,2,4,2,0,4765,4,0,21,4,3,1,4,2,4,1,0,0,0,0.12,0.1,0.7,1.0,1.0,0.0839999999999999,2,57180,108.29545454545455,0.2,0.0,0.0,0.0,2.0,10,12,0.4,1.0,0.2,1,0,0,2.3813093453273364,0
32,2,1,5,4,4,2,0,4,1,6,4,1,3312,3,0,17,3,4,2,6,3,3,3,2,0,2,0.12,0.12,0.7,1.0,0.9,0.0756,1,39744,100.36363636363636,0.42857142857142855,0.5,0.5,0.0,3.3333333333333335,13,12,0.14285714285714285,3.0,0.75,0,0,0,3.3086913086913086,0
51,1,1,8,4,1,1,1,1,3,4,4,2,10650,2,0,15,3,4,0,18,2,3,4,2,0,3,0.12,0.1,0.7,1.2,1.2,0.1209599999999999,3,127800,204.80769230769232,0.21052631578947367,0.4,0.6,0.0,3.0,12,3,0.15789473684210525,4.0,1.3333333333333333,0,0,0,3.5488170609796734,0
27,2,2,8,4,2,2,0,3,2,7,2,1,6214,1,0,18,3,1,1,8,3,3,8,7,0,7,0.125,0.125,0.7,1.0,0.9,0.07875,0,74568,221.92857142857142,0.8888888888888888,0.7777777777777778,0.7777777777777778,0.0,1.6666666666666667,8,9,0.2222222222222222,8.0,4.0,0,0,0,3.105447276361819,0
32,2,1,7,2,1,4,1,3,2,2,3,1,4883,1,0,18,3,1,1,10,3,3,10,4,1,1,0.12,0.12,0.7,1.0,0.9,0.0756,1,58596,147.96969696969697,0.9090909090909091,0.36363636363636365,0.09090909090909091,0.09090909090909091,2.6666666666666665,11,9,0.18181818181818182,5.0,5.0,0,1,0,2.440279860069965,0
29,2,2,3,2,3,2,0,3,2,7,3,1,5561,1,0,14,3,1,1,6,5,2,6,0,1,2,0.125,0.125,0.7,1.0,0.9,0.07875,0,66732,185.36666666666667,0.8571428571428571,0.0,0.2857142857142857,0.14285714285714285,2.0,8,9,0.2857142857142857,3.0,3.0,0,0,0,2.7791104447776114,0
39,2,0,2,3,1,4,0,2,2,1,4,1,5204,8,0,11,3,3,2,13,2,3,5,4,0,4,0.073,0.073,0.7,1.0,0.9,0.0459899999999999,1,62448,130.1,0.35714285714285715,0.6666666666666666,0.6666666666666666,0.0,3.6666666666666665,14,6,0.14285714285714285,5.0,0.5555555555555556,0,0,0,2.6006996501749127,0
34,2,1,2,4,3,4,1,4,1,6,4,1,2932,0,1,14,3,1,3,6,3,3,5,0,1,2,0.12,0.12,1.3,1.0,0.9,0.1404,1,35184,83.77142857142857,0.7142857142857143,0.0,0.3333333333333333,0.16666666666666666,3.0,12,12,0.14285714285714285,2.5,5.0,0,0,0,2.929070929070929,2
37,2,1,10,3,3,2,0,3,1,6,2,1,3936,1,0,11,3,1,1,8,2,1,8,4,7,7,0.12,0.12,0.7,1.0,0.9,0.0756,1,47232,103.57894736842105,0.8888888888888888,0.4444444444444444,0.7777777777777778,0.7777777777777778,1.6666666666666667,6,9,0.1111111111111111,1.0,4.0,0,0,1,3.932067932067932,0
52,2,1,4,2,1,4,0,3,4,3,4,1,16555,2,0,13,3,4,0,31,2,1,5,2,1,4,0.12,0.09,0.7,1.0,0.9,0.0756,3,198660,312.35849056603774,0.15625,0.3333333333333333,0.6666666666666666,0.16666666666666666,4.0,13,9,0.125,2.5,1.6666666666666667,0,0,0,4.137715571107223,0
24,2,0,22,1,0,4,1,1,1,1,3,1,1555,1,0,11,3,3,1,1,2,3,1,0,0,0,0.073,0.073,0.7,1.0,0.9,0.0459899999999999,0,18660,62.2,0.5,0.0,0.0,0.0,3.3333333333333335,13,3,0.5,1.0,0.5,1,0,0,1.5534465534465534,0
54,2,1,19,4,3,4,0,3,2,4,1,0,5485,9,1,11,3,2,2,9,4,3,5,3,1,4,0.12,0.1,1.3,1.0,1.0,0.156,3,65820,99.72727272727273,0.5,0.5,0.6666666666666666,0.16666666666666666,2.3333333333333335,10,9,0.2,2.5,0.5,0,0,0,2.741129435282359,19
55,2,1,2,3,3,4,1,3,5,3,1,1,19859,5,1,13,3,4,1,24,2,3,5,2,1,4,0.12,0.09,1.3,1.0,0.9,0.1404,3,238308,354.625,0.2,0.3333333333333333,0.6666666666666666,0.16666666666666666,3.0,12,9,0.2,2.5,0.8333333333333334,0,0,0,3.971005798840232,2
38,1,1,10,1,3,3,1,3,1,6,3,1,2684,0,0,17,3,2,1,3,0,2,2,1,0,2,0.12,0.12,0.7,1.2,0.9,0.09072,1,32208,68.82051282051282,0.5,0.3333333333333333,0.6666666666666666,0.0,2.6666666666666665,10,9,0.25,2.0,2.0,1,0,0,2.681318681318681,0
40,2,1,12,3,1,2,0,3,2,0,1,0,4448,2,0,12,3,2,1,15,3,3,7,4,7,7,0.12,0.11,0.7,1.0,1.0,0.0839999999999999,1,53376,108.48780487804878,0.4375,0.5,0.875,0.875,1.6666666666666667,8,9,0.125,0.875,2.3333333333333335,0,0,1,2.2228885557221387,0
27,2,1,4,2,1,1,1,3,1,6,3,0,2517,1,0,11,3,2,3,5,2,3,5,3,0,3,0.12,0.12,0.7,1.0,1.0,0.0839999999999999,0,30204,89.89285714285714,0.8333333333333334,0.5,0.5,0.0,2.0,9,9,0.16666666666666666,5.0,2.5,0,0,0,2.5144855144855143,0
41,2,1,14,3,1,1,1,3,1,6,3,0,2451,4,0,12,3,1,1,13,2,3,9,8,1,8,0.12,0.12,0.7,1.0,1.0,0.0839999999999999,2,29412,58.357142857142854,0.6428571428571429,0.8,0.8,0.1,1.6666666666666667,8,9,0.07142857142857142,4.5,1.8,0,0,0,2.4485514485514486,0
36,2,1,12,5,3,4,0,2,3,4,4,2,8858,0,0,11,3,2,0,15,2,2,14,8,7,8,0.12,0.1,0.7,1.0,1.2,0.1007999999999999,1,106296,239.40540540540542,0.875,0.5333333333333333,0.5333333333333333,0.4666666666666667,3.3333333333333335,12,6,0.1875,1.75,14.0,0,1,1,2.951682772409197,0
26,2,0,20,2,3,4,0,3,1,1,2,1,2148,0,1,11,3,3,0,6,3,3,5,1,1,4,0.073,0.073,1.3,1.0,0.9,0.08541,0,25776,79.55555555555556,0.7142857142857143,0.16666666666666666,0.6666666666666666,0.16666666666666666,3.0,12,9,0.14285714285714285,2.5,5.0,0,0,0,2.145854145854146,20
42,2,1,18,4,1,4,1,3,2,6,1,0,5410,6,1,17,3,3,1,9,3,2,4,3,1,2,0.12,0.12,1.3,1.0,1.0,0.156,2,64920,125.81395348837209,0.4,0.6,0.4,0.2,2.6666666666666665,10,9,0.2,2.0,0.5714285714285714,0,0,0,2.703648175912044,18
28,2,1,3,3,3,4,0,3,3,4,2,0,7655,0,0,17,3,2,3,10,3,2,9,7,1,7,0.12,0.1,0.7,1.0,1.0,0.0839999999999999,0,91860,263.9655172413793,0.8181818181818182,0.7,0.7,0.1,2.6666666666666665,10,9,0.2727272727272727,4.5,9.0,0,0,0,2.550816394535155,0
43,2,2,4,4,2,4,0,2,3,7,4,2,10231,3,0,14,3,4,0,23,3,4,21,7,15,17,0.125,0.125,0.7,1.0,1.2,0.105,2,122772,232.52272727272728,0.875,0.3181818181818182,0.7727272727272727,0.6818181818181818,4.0,16,6,0.125,1.3125,5.25,0,1,1,3.409196934355215,0
54,2,1,8,4,1,3,0,3,2,2,3,2,3780,7,0,11,3,3,0,19,3,3,1,0,0,0,0.12,0.12,0.7,1.0,1.2,0.1007999999999999,3,45360,68.72727272727273,0.05,0.0,0.0,0.0,3.0,12,9,0.1,1.0,0.125,1,0,0,1.8890554722638682,0
39,2,1,1,3,3,3,1,4,3,0,4,0,9613,0,0,17,3,1,3,19,5,2,18,10,3,7,0.12,0.11,0.7,1.0,1.0,0.0839999999999999,1,115356,240.325,0.9,0.5263157894736842,0.3684210526315789,0.15789473684210525,2.6666666666666665,10,12,0.15,4.5,18.0,0,1,0,3.20326557814062,0
44,2,1,20,3,1,4,1,3,1,6,2,2,3420,1,0,13,3,3,0,6,3,2,5,2,1,3,0.12,0.12,0.7,1.0,1.2,0.1007999999999999,2,41040,76.0,0.7142857142857143,0.3333333333333333,0.5,0.16666666666666666,3.0,11,9,0.14285714285714285,2.5,2.5,0,0,0,3.416583416583417,0
54,2,1,7,4,3,4,0,3,2,6,4,1,6854,4,0,15,3,2,1,14,2,2,7,1,1,7,0.12,0.12,0.7,1.0,0.9,0.0756,3,82248,124.61818181818182,0.4666666666666667,0.125,0.875,0.125,3.3333333333333335,12,9,0.13333333333333333,3.5,1.4,0,0,0,3.425287356321839,0
30,2,1,6,3,5,1,0,2,2,2,4,1,4627,0,0,12,3,1,1,10,6,3,9,2,6,7,0.12,0.12,0.7,1.0,0.9,0.0756,0,55524,149.25806451612902,0.8181818181818182,0.2,0.7,0.6,2.0,9,6,0.18181818181818182,1.2857142857142858,9.0,0,0,1,2.312343828085957,0
22,2,1,15,3,3,2,0,3,1,2,4,2,2871,1,0,15,3,3,0,1,5,3,0,0,0,0,0.12,0.12,0.7,1.0,1.2,0.1007999999999999,0,34452,124.82608695652173,0.0,0.0,0.0,0.0,3.0,12,9,0.5,0.0,0.0,1,0,0,2.868131868131868,0
30,2,1,17,4,3,2,0,3,3,3,1,1,11916,1,1,23,4,4,2,9,2,3,9,1,0,8,0.12,0.09,1.3,1.0,0.9,0.1404,0,142992,384.38709677419354,0.9,0.1,0.8,0.0,2.3333333333333335,10,12,0.3,9.0,4.5,0,0,0,3.970676441186271,17
27,2,1,9,3,3,4,0,3,1,6,2,2,2279,1,0,16,3,4,0,7,2,2,7,7,0,3,0.12,0.12,0.7,1.0,1.2,0.1007999999999999,0,27348,81.39285714285714,0.875,0.875,0.375,0.0,3.3333333333333335,12,9,0.125,7.0,3.5,0,0,0,2.276723276723277,0
53,2,1,5,3,4,3,0,3,5,3,3,0,19094,4,0,11,3,4,1,26,3,2,14,13,4,8,0.12,0.09,0.7,1.0,1.0,0.0839999999999999,3,229128,353.5925925925926,0.5185185185185185,0.8666666666666667,0.5333333333333333,0.26666666666666666,3.3333333333333335,12,9,0.18518518518518517,2.8,2.8,0,1,0,3.8180363927214556,0
21,2,1,18,1,4,4,0,3,1,6,4,2,2693,1,0,19,3,1,0,1,3,2,1,0,0,0,0.12,0.12,0.7,1.0,1.2,0.1007999999999999,0,32316,122.4090909090909,0.5,0.0,0.0,0.0,3.0,11,9,0.5,1.0,0.5,1,0,0,2.6903096903096904,0
49,1,2,2,3,3,4,1,2,2,7,2,1,5390,2,0,14,3,4,0,17,3,2,9,6,0,8,0.125,0.125,0.7,1.2,0.9,0.0945,2,64680,107.8,0.5,0.6,0.8,0.0,3.3333333333333335,12,6,0.1111111111111111,9.0,3.0,0,0,0,2.6936531734132934,0
50,2,1,29,4,1,2,1,2,4,3,3,1,17046,0,0,15,3,2,1,28,2,3,27,10,15,7,0.12,0.09,0.7,1.0,0.9,0.0756,2,204552,334.2352941176471,0.9310344827586207,0.35714285714285715,0.25,0.5357142857142857,2.3333333333333335,10,6,0.13793103448275862,1.6875,27.0,0,1,1,4.260434891277181,0
42,2,1,24,3,3,4,1,3,3,4,1,1,7406,1,1,21,4,4,1,10,5,2,10,9,5,8,0.12,0.1,1.3,1.0,0.9,0.1404,2,88872,172.2325581395349,0.9090909090909091,0.8181818181818182,0.7272727272727273,0.45454545454545453,3.0,11,12,0.2727272727272727,1.6666666666666667,5.0,0,1,1,2.4678440519826723,24
31,1,2,1,4,1,2,0,1,1,8,3,2,1359,1,0,12,3,2,0,1,3,3,1,0,0,0,0.125,0.125,0.7,1.2,1.2,0.126,1,16308,42.46875,0.5,0.0,0.0,0.0,2.3333333333333335,10,3,0.5,1.0,0.5,1,0,0,1.3576423576423577,0
29,2,1,9,3,1,3,1,4,1,6,3,1,2451,6,0,18,3,1,2,5,2,2,1,0,0,0,0.12,0.12,0.7,1.0,0.9,0.0756,0,29412,81.7,0.16666666666666666,0.0,0.0,0.0,2.3333333333333335,9,12,0.16666666666666666,1.0,0.14285714285714285,1,0,0,2.4485514485514486,0
46,2,2,3,3,1,3,0,3,4,3,2,1,16606,8,0,12,3,4,1,23,2,4,13,12,5,1,0.125,0.09,0.7,1.0,0.9,0.07875,2,199272,353.3191489361702,0.5416666666666666,0.8571428571428571,0.07142857142857142,0.35714285714285715,3.0,13,9,0.16666666666666666,2.1666666666666665,1.4444444444444444,0,1,1,4.150462384403899,0
30,2,1,22,3,1,1,0,3,1,6,3,1,2132,4,1,11,3,2,0,7,2,3,5,2,0,1,0.12,0.12,1.3,1.0,0.9,0.1404,0,25584,68.7741935483871,0.625,0.3333333333333333,0.16666666666666666,0.0,2.0,9,9,0.125,5.0,1.0,0,0,0,2.1298701298701297,22
33,2,2,5,3,2,4,0,3,1,8,3,2,2851,1,1,13,3,2,0,1,2,3,1,0,0,0,0.125,0.125,1.3,1.0,1.2,0.195,1,34212,83.8529411764706,0.5,0.0,0.0,0.0,3.0,12,9,0.5,1.0,0.5,1,0,0,2.848151848151848,5
31,2,1,4,3,3,1,0,4,1,2,3,0,3978,8,0,12,3,2,1,4,0,2,2,2,2,2,0.12,0.12,0.7,1.0,1.0,0.0839999999999999,1,47736,124.3125,0.4,0.6666666666666666,0.6666666666666666,0.6666666666666666,2.0,8,12,0.2,0.6666666666666666,0.2222222222222222,1,0,0,3.9740259740259742,0
36,2,1,9,3,3,4,1,2,1,6,3,1,3388,0,1,17,3,1,1,2,0,2,1,0,0,0,0.12,0.12,1.3,1.0,0.9,0.1404,1,40656,91.56756756756756,0.3333333333333333,0.0,0.0,0.0,2.6666666666666665,10,6,0.3333333333333333,1.0,1.0,1,0,0,3.3846153846153846,9
43,2,1,6,3,3,1,0,2,5,3,3,1,19392,7,0,13,3,4,0,21,2,3,16,12,6,14,0.12,0.09,0.7,1.0,0.9,0.0756,2,232704,440.72727272727275,0.7272727272727273,0.7058823529411765,0.8235294117647058,0.35294117647058826,2.6666666666666665,11,6,0.22727272727272727,2.2857142857142856,2.0,0,1,1,3.877624475104979,0
33,1,1,3,4,1,4,0,3,1,6,3,1,2909,1,1,11,3,3,0,8,3,3,8,7,3,0,0.12,0.12,1.3,1.2,0.9,0.16848,1,34908,85.55882352941177,0.8888888888888888,0.7777777777777778,0.0,0.3333333333333333,3.3333333333333335,13,9,0.1111111111111111,2.0,4.0,0,0,0,2.906093906093906,3
38,1,1,2,3,3,4,0,2,1,2,2,2,2440,1,0,22,4,2,0,4,3,3,4,3,3,3,0.12,0.12,0.7,1.2,1.2,0.1209599999999999,1,29280,62.56410256410256,0.8,0.6,0.6,0.6,2.6666666666666665,11,8,0.2,1.0,2.0,0,0,0,2.4375624375624376,0
59,2,2,25,3,1,1,0,3,3,7,1,2,7637,7,0,11,3,4,0,28,3,2,21,16,7,9,0.125,0.125,0.7,1.0,1.2,0.105,3,91644,127.28333333333333,0.7241379310344828,0.7272727272727273,0.4090909090909091,0.3181818181818182,2.0,8,9,0.10344827586206896,2.625,2.625,0,1,1,2.5448183938687103,0
32,1,1,2,2,1,4,0,3,2,6,3,2,4998,4,1,14,3,4,0,10,2,3,8,7,0,7,0.12,0.12,1.3,1.2,1.2,0.22464,1,59976,151.45454545454547,0.7272727272727273,0.7777777777777778,0.7777777777777778,0.0,3.6666666666666665,14,9,0.18181818181818182,8.0,1.6,0,0,0,2.497751124437781,2
24,2,1,1,2,1,2,1,2,2,0,3,2,4617,1,0,12,3,2,0,4,2,2,4,3,1,2,0.12,0.11,0.7,1.0,1.2,0.1007999999999999,0,55404,184.68,0.8,0.6,0.4,0.2,2.3333333333333335,9,6,0.4,2.0,2.0,0,0,0,2.3073463268365817,0
31,1,1,1,1,1,3,0,3,2,4,1,1,4148,1,0,12,3,3,1,4,1,3,4,3,0,3,0.12,0.1,0.7,1.2,0.9,0.09072,1,49776,129.625,0.8,0.6,0.6,0.0,2.3333333333333335,10,9,0.4,4.0,2.0,0,0,0,2.0729635182408797,0
33,1,1,29,4,3,1,0,2,2,6,3,2,4508,1,0,22,4,2,0,14,4,3,13,7,3,8,0.12,0.12,0.7,1.2,1.2,0.1209599999999999,1,54096,132.58823529411765,0.8666666666666667,0.5,0.5714285714285714,0.21428571428571427,2.0,9,8,0.13333333333333333,3.25,6.5,0,1,0,2.2528735632183907,0
33,2,1,21,3,3,2,1,4,1,2,2,1,2028,1,0,18,3,4,3,14,6,3,14,11,2,13,0.12,0.12,0.7,1.0,0.9,0.0756,1,24336,59.64705882352941,0.9333333333333333,0.7333333333333333,0.8666666666666667,0.13333333333333333,2.6666666666666665,11,12,0.06666666666666667,4.666666666666667,7.0,0,1,0,2.0259740259740258,0
41,2,2,1,3,2,2,1,4,3,7,1,1,8392,1,0,16,3,3,1,10,2,3,10,7,0,7,0.125,0.125,0.7,1.0,0.9,0.07875,2,100704,199.8095238095238,0.9090909090909091,0.6363636363636364,0.6363636363636364,0.0,2.0,9,12,0.2727272727272727,10.0,5.0,0,1,0,2.7964011996001332,0
35,2,1,16,3,1,4,1,3,3,0,3,1,7632,4,1,12,3,3,0,10,2,3,8,7,0,0,0.12,0.11,1.3,1.0,0.9,0.1404,1,91584,212.0,0.7272727272727273,0.7777777777777778,0.0,0.0,3.3333333333333335,13,9,0.2727272727272727,8.0,1.6,0,0,0,2.5431522825724757,16
19,0,1,10,3,3,1,0,2,1,6,2,2,1859,1,1,25,4,2,0,1,2,4,1,1,0,0,0.12,0.12,1.3,0.9,1.2,0.16848,0,22308,92.95,0.5,0.5,0.0,0.0,1.6666666666666667,9,8,0.5,1.0,0.5,1,0,0,1.8571428571428572,10
40,2,2,25,4,2,4,1,2,3,7,2,2,9094,2,1,12,3,3,0,9,2,3,5,4,1,0,0.125,0.125,1.3,1.0,1.2,0.195,1,109128,221.8048780487805,0.5,0.6666666666666666,0.0,0.16666666666666666,3.0,12,6,0.3,2.5,1.6666666666666667,0,0,0,3.0303232255914696,25
28,2,2,5,4,3,1,1,3,2,7,4,2,4908,1,0,14,3,2,0,4,3,3,4,2,0,2,0.125,0.125,0.7,1.0,1.2,0.105,0,58896,169.24137931034483,0.8,0.4,0.4,0.0,2.3333333333333335,10,9,0.4,4.0,2.0,0,0,0,2.4527736131934033,0
50,2,1,28,3,1,4,0,3,4,5,1,1,16880,4,1,11,3,2,0,25,2,3,3,2,1,2,0.12,0.1,1.3,1.0,0.9,0.1404,2,202560,330.98039215686276,0.11538461538461539,0.5,0.5,0.25,2.3333333333333335,10,9,0.15384615384615385,1.5,0.6,0,0,0,4.218945263684079,28
31,1,2,7,4,2,1,0,3,3,7,1,1,9637,2,0,14,3,4,2,9,3,3,3,2,2,2,0.125,0.125,0.7,1.2,0.9,0.0945,1,115644,301.15625,0.3,0.5,0.5,0.5,2.0,9,9,0.3,1.0,1.0,0,0,0,3.211262912362546,0
38,2,2,2,2,1,2,0,3,2,7,1,0,6893,3,0,15,3,4,1,11,3,3,7,7,1,7,0.125,0.125,0.7,1.0,1.0,0.0875,1,82716,176.74358974358975,0.5833333333333334,0.875,0.875,0.125,2.3333333333333335,10,9,0.16666666666666666,3.5,1.75,0,0,0,3.444777611194403,0
30,1,1,2,4,5,4,0,2,1,6,1,2,4968,0,0,16,3,4,0,10,2,3,9,7,0,7,0.12,0.12,0.7,1.2,1.2,0.1209599999999999,0,59616,160.25806451612902,0.8181818181818182,0.7,0.7,0.0,3.0,12,6,0.09090909090909091,9.0,9.0,0,0,0,4.963036963036963,0
55,2,2,2,1,3,3,1,3,2,7,4,2,5160,4,0,16,3,3,0,12,3,2,9,7,7,3,0.125,0.125,0.7,1.0,1.2,0.105,3,61920,92.14285714285714,0.6923076923076923,0.7,0.3,0.7,3.3333333333333335,12,9,0.15384615384615385,1.125,1.8,0,0,1,2.578710644677661,0
30,2,2,9,3,3,2,1,3,1,8,4,2,1081,1,0,13,3,3,0,1,3,2,1,0,0,0,0.125,0.125,0.7,1.0,1.2,0.105,0,12972,34.87096774193548,0.5,0.0,0.0,0.0,3.0,11,9,0.5,1.0,0.5,1,0,0,1.0799200799200799,0
38,2,1,6,2,4,4,0,2,1,2,3,1,3702,1,0,11,3,2,1,5,3,3,5,4,0,4,0.12,0.12,0.7,1.0,0.9,0.0756,1,44424,94.92307692307692,0.8333333333333334,0.6666666666666666,0.6666666666666666,0.0,3.0,12,6,0.16666666666666666,5.0,2.5,0,0,0,3.698301698301698,0
35,0,1,11,2,3,3,1,2,3,0,1,1,9884,2,1,13,3,3,1,10,3,3,4,0,2,3,0.12,0.11,1.3,0.9,0.9,0.12636,1,118608,274.55555555555554,0.36363636363636365,0.0,0.6,0.4,2.3333333333333335,10,6,0.2727272727272727,1.3333333333333333,1.3333333333333333,0,0,0,3.2935688103965344,11
38,0,2,10,3,5,3,0,3,2,7,4,2,5666,1,1,13,3,2,0,6,1,3,5,3,1,3,0.125,0.125,1.3,0.9,1.2,0.1755,1,67992,145.28205128205127,0.7142857142857143,0.5,0.5,0.16666666666666666,3.0,12,9,0.2857142857142857,2.5,2.5,0,0,0,2.831584207896052,10
30,2,1,1,1,1,4,1,2,2,2,4,1,5126,1,1,12,3,3,2,10,1,2,10,8,3,0,0.12,0.12,1.3,1.0,0.9,0.1404,0,61512,165.3548387096774,0.9090909090909091,0.7272727272727273,0.0,0.2727272727272727,3.6666666666666665,13,6,0.18181818181818182,2.5,5.0,0,1,0,2.561719140429785,1
50,2,1,2,4,3,2,1,3,5,5,3,1,19237,2,1,11,3,4,1,29,2,2,8,1,7,7,0.12,0.1,1.3,1.0,0.9,0.1404,2,230844,377.19607843137254,0.26666666666666666,0.1111111111111111,0.7777777777777778,0.7777777777777778,3.0,11,9,0.16666666666666666,1.0,2.6666666666666665,0,0,1,3.846630673865227,2
52,0,2,2,4,1,1,1,2,5,3,3,2,19068,1,1,18,3,4,0,33,2,4,33,7,15,12,0.125,0.09,1.3,0.9,1.2,0.1755,3,228816,359.77358490566036,0.9705882352941176,0.20588235294117646,0.35294117647058826,0.4411764705882353,2.6666666666666665,12,6,0.14705882352941177,2.0625,16.5,0,1,1,3.8128374325134975,2
45,1,1,25,3,3,2,0,3,5,3,2,2,18061,3,0,22,4,3,0,22,4,3,0,0,0,0,0.12,0.09,0.7,1.2,1.2,0.1209599999999999,2,216732,392.6304347826087,0.0,0.0,0.0,0.0,2.3333333333333335,10,12,0.21739130434782608,0.0,0.0,1,0,0,3.611477704459108,0
53,2,1,23,4,1,4,0,3,4,5,4,2,14275,6,0,18,3,3,0,33,0,3,12,9,3,8,0.12,0.1,0.7,1.0,1.2,0.1007999999999999,3,171300,264.35185185185185,0.35294117647058826,0.6923076923076923,0.6153846153846154,0.23076923076923078,3.6666666666666665,14,9,0.11764705882352941,3.0,1.7142857142857142,0,1,0,3.567858035491127,0
34,2,1,9,3,1,4,1,3,3,0,4,0,8500,0,0,11,3,4,1,10,0,2,9,7,1,6,0.12,0.11,0.7,1.0,1.0,0.0839999999999999,1,102000,242.85714285714286,0.8181818181818182,0.7,0.6,0.1,4.0,14,9,0.2727272727272727,4.5,9.0,0,0,0,2.8323892035988005,0
25,1,2,24,1,1,3,1,1,1,8,4,2,1118,1,1,14,3,4,0,1,4,3,1,0,1,0,0.125,0.125,1.3,1.2,1.2,0.2339999999999999,0,13416,43.0,0.5,0.0,0.0,0.5,3.6666666666666665,14,3,0.5,0.5,0.5,1,0,0,1.1168831168831168,24
28,0,1,1,3,1,3,0,1,2,2,4,1,6674,0,0,11,3,1,3,10,6,3,9,8,7,5,0.12,0.12,0.7,0.9,0.9,0.06804,0,80088,230.13793103448276,0.8181818181818182,0.8,0.5,0.7,2.6666666666666665,11,3,0.18181818181818182,1.125,9.0,0,0,1,3.3353323338330836,0
35,2,1,8,1,1,4,1,4,1,2,4,1,2269,1,0,19,3,4,0,1,2,3,1,0,0,1,0.12,0.12,0.7,1.0,0.9,0.0756,1,27228,63.02777777777778,0.5,0.0,0.5,0.0,4.0,15,12,0.5,1.0,0.5,1,0,0,2.266733266733267,0
40,2,1,1,4,1,2,1,3,1,2,2,1,2387,3,0,22,4,3,1,7,3,3,4,2,0,3,0.12,0.12,0.7,1.0,0.9,0.0756,1,28644,58.21951219512195,0.5,0.4,0.6,0.0,2.3333333333333335,10,12,0.125,4.0,1.0,0,0,0,2.3846153846153846,0
31,0,1,5,3,3,2,1,3,2,4,1,2,9936,0,0,19,3,2,0,10,2,3,9,4,1,7,0.12,0.1,0.7,0.9,1.2,0.09072,1,119232,310.5,0.8181818181818182,0.4,0.7,0.1,1.6666666666666667,8,9,0.18181818181818182,4.5,9.0,0,0,0,4.9655172413793105,0
34,1,1,7,3,1,1,1,1,2,2,3,2,6074,1,1,24,4,4,0,9,3,3,9,7,0,6,0.12,0.12,1.3,1.2,1.2,0.22464,1,72888,173.54285714285714,0.9,0.7,0.6,0.0,2.6666666666666665,11,4,0.2,9.0,4.5,0,0,0,3.0354822588705646,7
39,2,2,5,3,5,4,1,3,2,8,4,1,2086,3,0,14,3,3,1,19,6,4,1,0,0,0,0.125,0.125,0.7,1.0,0.9,0.07875,1,25032,52.15,0.05,0.0,0.0,0.0,3.6666666666666665,15,9,0.1,1.0,0.25,1,0,0,1.0424787606196901,0
56,0,1,1,4,1,3,1,3,2,0,3,0,6306,1,0,21,4,1,1,13,2,2,13,12,1,9,0.12,0.11,0.7,0.9,1.0,0.0756,3,75672,110.63157894736842,0.9285714285714286,0.8571428571428571,0.6428571428571429,0.07142857142857142,2.3333333333333335,9,12,0.14285714285714285,6.5,6.5,0,1,0,3.151424287856072,0
27,0,1,8,5,1,1,1,1,1,2,3,1,4621,1,0,19,3,4,3,3,4,3,3,2,1,2,0.12,0.12,0.7,0.9,0.9,0.06804,0,55452,165.03571428571428,0.75,0.5,0.5,0.25,2.6666666666666665,11,3,0.25,1.5,1.5,0,0,0,4.616383616383616,0
43,1,1,9,5,3,4,1,3,2,2,3,0,5679,3,1,13,3,2,1,10,3,3,8,7,4,7,0.12,0.12,1.3,1.2,1.0,0.1872,2,68148,129.0681818181818,0.7272727272727273,0.7777777777777778,0.7777777777777778,0.4444444444444444,3.0,12,9,0.18181818181818182,1.6,2.0,0,0,0,2.83808095952024,9
58,2,2,10,4,3,4,1,3,4,7,3,2,13872,0,0,13,3,3,0,38,1,2,37,10,1,8,0.125,0.125,0.7,1.0,1.2,0.105,3,166464,235.11864406779662,0.9487179487179487,0.2631578947368421,0.21052631578947367,0.02631578947368421,3.3333333333333335,12,9,0.10256410256410256,18.5,37.0,0,1,0,3.467133216695826,0
42,2,1,8,3,1,4,1,3,1,2,3,2,3968,4,0,13,3,4,0,8,3,3,0,0,0,0,0.12,0.12,0.7,1.0,1.2,0.1007999999999999,2,47616,92.27906976744185,0.0,0.0,0.0,0.0,3.6666666666666665,14,9,0.1111111111111111,0.0,0.0,1,0,0,3.964035964035964,0
